{
	"credit": "Made with Blockbench",
	"texture_size": [32, 32],
	"textures": {
		"0": "cookie:item/bee_plushie",
		"particle": "cookie:item/bee_plushie"
	},
	"elements": [
		{
			"from": [6, 2, 5],
			"to": [10, 5.5, 10],
			"rotation": {"angle": 0, "axis": "y", "origin": [7, 2, 6]},
			"faces": {
				"north": {"uv": [0, 4, 2, 6], "texture": "#0"},
				"east": {"uv": [0, 0, 2.5, 2], "texture": "#0"},
				"south": {"uv": [4.5, 0, 6.5, 2], "texture": "#0"},
				"west": {"uv": [0, 2, 2.5, 4], "texture": "#0"},
				"up": {"uv": [4.5, 2.5, 2.5, 0], "texture": "#0"},
				"down": {"uv": [4.5, 2.5, 2.5, 5], "texture": "#0"}
			}
		},
		{
			"from": [8.875, 6, 4.125],
			"to": [9.125, 6.5, 4.625],
			"rotation": {"angle": 0, "axis": "y", "origin": [9, 5.75, 4.375]},
			"faces": {
				"north": {"uv": [7.5, 0.5, 8, 1], "texture": "#0"},
				"east": {"uv": [1, 7.5, 1.5, 8], "texture": "#0"},
				"south": {"uv": [7.5, 1, 8, 1.5], "texture": "#0"},
				"west": {"uv": [1.5, 7.5, 2, 8], "texture": "#0"},
				"up": {"uv": [8, 2, 7.5, 1.5], "texture": "#0"},
				"down": {"uv": [2.5, 7.5, 2, 8], "texture": "#0"}
			}
		},
		{
			"from": [8.875, 5.25, 4.625],
			"to": [9.125, 6, 5.125],
			"rotation": {"angle": 0, "axis": "y", "origin": [9, 5.75, 4.875]},
			"faces": {
				"north": {"uv": [6.5, 7, 7, 7.5], "texture": "#0"},
				"east": {"uv": [7, 6.5, 7.5, 7], "texture": "#0"},
				"south": {"uv": [7, 7, 7.5, 7.5], "texture": "#0"},
				"west": {"uv": [0, 7.5, 0.5, 8], "texture": "#0"},
				"up": {"uv": [8, 0.5, 7.5, 0], "texture": "#0"},
				"down": {"uv": [1, 7.5, 0.5, 8], "texture": "#0"}
			}
		},
		{
			"from": [6.875, 6, 4.125],
			"to": [7.125, 6.5, 4.625],
			"rotation": {"angle": 0, "axis": "y", "origin": [7, 5.75, 4.375]},
			"faces": {
				"north": {"uv": [7.5, 2, 8, 2.5], "texture": "#0"},
				"east": {"uv": [2.5, 7.5, 3, 8], "texture": "#0"},
				"south": {"uv": [7.5, 2.5, 8, 3], "texture": "#0"},
				"west": {"uv": [3, 7.5, 3.5, 8], "texture": "#0"},
				"up": {"uv": [8, 3.5, 7.5, 3], "texture": "#0"},
				"down": {"uv": [4, 7.5, 3.5, 8], "texture": "#0"}
			}
		},
		{
			"from": [6.875, 5.25, 4.625],
			"to": [7.125, 6, 5.125],
			"rotation": {"angle": 0, "axis": "y", "origin": [7, 5.75, 4.875]},
			"faces": {
				"north": {"uv": [7.5, 3.5, 8, 4], "texture": "#0"},
				"east": {"uv": [4, 7.5, 4.5, 8], "texture": "#0"},
				"south": {"uv": [7.5, 4, 8, 4.5], "texture": "#0"},
				"west": {"uv": [4.5, 7.5, 5, 8], "texture": "#0"},
				"up": {"uv": [8, 5, 7.5, 4.5], "texture": "#0"},
				"down": {"uv": [5.5, 7.5, 5, 8], "texture": "#0"}
			}
		},
		{
			"from": [7.75, 3.5, 10],
			"to": [8.25, 4, 11.5],
			"rotation": {"angle": 0, "axis": "y", "origin": [8, 3.5, 10.625]},
			"faces": {
				"north": {"uv": [6.5, 5, 7, 5.5], "texture": "#0"},
				"east": {"uv": [2.5, 6.5, 3.5, 7], "texture": "#0"},
				"south": {"uv": [5.5, 6.5, 6, 7], "texture": "#0"},
				"west": {"uv": [6.5, 3, 7.5, 3.5], "texture": "#0"},
				"up": {"uv": [4, 7.5, 3.5, 6.5], "texture": "#0"},
				"down": {"uv": [7, 3.5, 6.5, 4.5], "texture": "#0"}
			}
		},
		{
			"from": [6.75, 1.25, 5.75],
			"to": [7.25, 2, 6],
			"rotation": {"angle": 0, "axis": "y", "origin": [7, 0.75, 6.125]},
			"faces": {
				"north": {"uv": [7, 1, 7.5, 1.5], "texture": "#0"},
				"east": {"uv": [7, 1.5, 7.5, 2], "texture": "#0"},
				"south": {"uv": [2, 7, 2.5, 7.5], "texture": "#0"},
				"west": {"uv": [7, 2, 7.5, 2.5], "texture": "#0"},
				"up": {"uv": [3, 7.5, 2.5, 7], "texture": "#0"},
				"down": {"uv": [7.5, 2.5, 7, 3], "texture": "#0"}
			}
		},
		{
			"from": [8.75, 1.25, 5.75],
			"to": [9.25, 2, 6],
			"rotation": {"angle": 0, "axis": "y", "origin": [9, 0.75, 6.125]},
			"faces": {
				"north": {"uv": [6.5, 5.5, 7, 6], "texture": "#0"},
				"east": {"uv": [6, 6.5, 6.5, 7], "texture": "#0"},
				"south": {"uv": [6.5, 6, 7, 6.5], "texture": "#0"},
				"west": {"uv": [6.5, 6.5, 7, 7], "texture": "#0"},
				"up": {"uv": [7.5, 0.5, 7, 0], "texture": "#0"},
				"down": {"uv": [7.5, 0.5, 7, 1], "texture": "#0"}
			}
		},
		{
			"from": [6.75, 1.25, 7.25],
			"to": [7.25, 2, 7.5],
			"rotation": {"angle": 0, "axis": "y", "origin": [7, 0.75, 7.625]},
			"faces": {
				"north": {"uv": [7.5, 5, 8, 5.5], "texture": "#0"},
				"east": {"uv": [5.5, 7.5, 6, 8], "texture": "#0"},
				"south": {"uv": [7.5, 5.5, 8, 6], "texture": "#0"},
				"west": {"uv": [6, 7.5, 6.5, 8], "texture": "#0"},
				"up": {"uv": [8, 6.5, 7.5, 6], "texture": "#0"},
				"down": {"uv": [7, 7.5, 6.5, 8], "texture": "#0"}
			}
		},
		{
			"from": [8.75, 1.25, 7.25],
			"to": [9.25, 2, 7.5],
			"rotation": {"angle": 0, "axis": "y", "origin": [9, 0.75, 7.625]},
			"faces": {
				"north": {"uv": [7.5, 6.5, 8, 7], "texture": "#0"},
				"east": {"uv": [7, 7.5, 7.5, 8], "texture": "#0"},
				"south": {"uv": [7.5, 7, 8, 7.5], "texture": "#0"},
				"west": {"uv": [7.5, 7.5, 8, 8], "texture": "#0"},
				"up": {"uv": [0.5, 8.5, 0, 8], "texture": "#0"},
				"down": {"uv": [8.5, 0, 8, 0.5], "texture": "#0"}
			}
		},
		{
			"from": [6.75, 1.25, 8.75],
			"to": [7.25, 2, 9],
			"rotation": {"angle": 0, "axis": "y", "origin": [7, 0.75, 9.125]},
			"faces": {
				"north": {"uv": [3, 7, 3.5, 7.5], "texture": "#0"},
				"east": {"uv": [7, 3.5, 7.5, 4], "texture": "#0"},
				"south": {"uv": [4, 7, 4.5, 7.5], "texture": "#0"},
				"west": {"uv": [7, 4, 7.5, 4.5], "texture": "#0"},
				"up": {"uv": [5, 7.5, 4.5, 7], "texture": "#0"},
				"down": {"uv": [7.5, 4.5, 7, 5], "texture": "#0"}
			}
		},
		{
			"from": [8.75, 1.25, 8.75],
			"to": [9.25, 2, 9],
			"rotation": {"angle": 0, "axis": "y", "origin": [9, 0.75, 9.125]},
			"faces": {
				"north": {"uv": [5, 7, 5.5, 7.5], "texture": "#0"},
				"east": {"uv": [7, 5, 7.5, 5.5], "texture": "#0"},
				"south": {"uv": [5.5, 7, 6, 7.5], "texture": "#0"},
				"west": {"uv": [7, 5.5, 7.5, 6], "texture": "#0"},
				"up": {"uv": [6.5, 7.5, 6, 7], "texture": "#0"},
				"down": {"uv": [7.5, 6, 7, 6.5], "texture": "#0"}
			}
		},
		{
			"from": [10.25, 4.5, 7],
			"to": [10.75, 7.5, 8],
			"rotation": {"angle": -45, "axis": "z", "origin": [10.75, 6, 7.5]},
			"faces": {
				"north": {"uv": [2, 4, 2.5, 5.5], "texture": "#0"},
				"east": {"uv": [4.5, 2, 5, 3.5], "texture": "#0"},
				"south": {"uv": [4.5, 3.5, 5, 5], "texture": "#0"},
				"west": {"uv": [5, 2, 5.5, 3.5], "texture": "#0"},
				"up": {"uv": [4.5, 7, 4, 6.5], "texture": "#0"},
				"down": {"uv": [5, 6.5, 4.5, 7], "texture": "#0"}
			}
		},
		{
			"from": [10.25, 4.5, 8],
			"to": [10.75, 7, 9],
			"rotation": {"angle": -45, "axis": "z", "origin": [10.75, 6, 9.5]},
			"faces": {
				"north": {"uv": [4, 5, 4.5, 6.5], "texture": "#0"},
				"east": {"uv": [4.5, 5, 5, 6.5], "texture": "#0"},
				"south": {"uv": [5, 5, 5.5, 6.5], "texture": "#0"},
				"west": {"uv": [2, 5.5, 2.5, 7], "texture": "#0"},
				"up": {"uv": [1, 8.5, 0.5, 8], "texture": "#0"},
				"down": {"uv": [8.5, 0.5, 8, 1], "texture": "#0"}
			}
		},
		{
			"from": [10.25, 4.5, 6],
			"to": [10.75, 7, 7],
			"rotation": {"angle": -45, "axis": "z", "origin": [10.75, 6, 7.5]},
			"faces": {
				"north": {"uv": [6, 3.5, 6.5, 5], "texture": "#0"},
				"east": {"uv": [6, 5, 6.5, 6.5], "texture": "#0"},
				"south": {"uv": [6.5, 0, 7, 1.5], "texture": "#0"},
				"west": {"uv": [6.5, 1.5, 7, 3], "texture": "#0"},
				"up": {"uv": [2.5, 8.5, 2, 8], "texture": "#0"},
				"down": {"uv": [8.5, 2, 8, 2.5], "texture": "#0"}
			}
		},
		{
			"from": [5.25, 4.5, 8],
			"to": [5.75, 7, 9],
			"rotation": {"angle": 45, "axis": "z", "origin": [5.25, 6, 8.5]},
			"faces": {
				"north": {"uv": [2.5, 5, 3, 6.5], "texture": "#0"},
				"east": {"uv": [3, 5, 3.5, 6.5], "texture": "#0"},
				"south": {"uv": [3.5, 5, 4, 6.5], "texture": "#0"},
				"west": {"uv": [5, 3.5, 5.5, 5], "texture": "#0"},
				"up": {"uv": [7, 5, 6.5, 4.5], "texture": "#0"},
				"down": {"uv": [5.5, 6.5, 5, 7], "texture": "#0"}
			}
		},
		{
			"from": [5.25, 4.5, 6],
			"to": [5.75, 7, 7],
			"rotation": {"angle": 45, "axis": "z", "origin": [5.25, 6, 6.5]},
			"faces": {
				"north": {"uv": [0.5, 6, 1, 7.5], "texture": "#0"},
				"east": {"uv": [1, 6, 1.5, 7.5], "texture": "#0"},
				"south": {"uv": [1.5, 6, 2, 7.5], "texture": "#0"},
				"west": {"uv": [6, 2, 6.5, 3.5], "texture": "#0"},
				"up": {"uv": [2, 8.5, 1.5, 8], "texture": "#0"},
				"down": {"uv": [8.5, 1.5, 8, 2], "texture": "#0"}
			}
		},
		{
			"from": [5.25, 4.5, 7],
			"to": [5.75, 7.5, 8],
			"rotation": {"angle": 45, "axis": "z", "origin": [5.25, 6, 7.5]},
			"faces": {
				"north": {"uv": [5.5, 2, 6, 3.5], "texture": "#0"},
				"east": {"uv": [5.5, 3.5, 6, 5], "texture": "#0"},
				"south": {"uv": [5.5, 5, 6, 6.5], "texture": "#0"},
				"west": {"uv": [0, 6, 0.5, 7.5], "texture": "#0"},
				"up": {"uv": [1.5, 8.5, 1, 8], "texture": "#0"},
				"down": {"uv": [8.5, 1, 8, 1.5], "texture": "#0"}
			}
		}
	],
	"display": {
		"thirdperson_righthand": {
			"rotation": [78.25, 0, 0],
			"translation": [0, 0.75, 3.75]
		},
		"thirdperson_lefthand": {
			"rotation": [78.25, 0, 0],
			"translation": [0, 0.75, 3.75]
		},
		"firstperson_righthand": {
			"rotation": [151.48, 42.01, -164.54],
			"translation": [-0.25, 7.5, 1.75]
		},
		"firstperson_lefthand": {
			"rotation": [163.85, 43.69, -157.23],
			"translation": [0.25, 8.25, 2.5]
		},
		"ground": {
			"translation": [0, 3.25, 0]
		},
		"gui": {
			"rotation": [-171.5, -19, 180],
			"translation": [-0.25, 6.5, 0],
			"scale": [1.7, 1.7, 1.7]
		},
		"head": {
			"translation": [-11, 1.75, 0]
		},
		"fixed": {
			"rotation": [-88.75, 0, 0],
			"translation": [-0.25, 1.25, -12.5],
			"scale": [2, 2, 2]
		}
	},
	"groups": [
		0,
		{
			"name": "group",
			"origin": [8.75, 5.75, 4.875],
			"color": 0,
			"children": [1, 2]
		},
		{
			"name": "group",
			"origin": [8.75, 5.75, 4.875],
			"color": 0,
			"children": [3, 4]
		},
		5,
		{
			"name": "group",
			"origin": [9, 0.75, 6.625],
			"color": 0,
			"children": [6, 7]
		},
		{
			"name": "group",
			"origin": [9, 0.75, 6.625],
			"color": 0,
			"children": [8, 9]
		},
		{
			"name": "group",
			"origin": [9, 0.75, 6.625],
			"color": 0,
			"children": [10, 11]
		},
		12,
		13,
		14,
		15,
		16,
		17
	]
}
