{
	"credit": "Made with Blockbench",
	"textures": {
		"20": "cookie:item/cat_ears"
	},
	"elements": [
		{
			"from": [12, 5, 7],
			"to": [13, 6, 9],
			"faces": {
				"north": {"uv": [5, 13, 6, 14], "texture": "#20"},
				"east": {"uv": [11, 4, 13, 5], "texture": "#20"},
				"south": {"uv": [13, 5, 14, 6], "texture": "#20"},
				"west": {"uv": [11, 5, 13, 6], "texture": "#20"},
				"up": {"uv": [2, 13, 1, 11], "texture": "#20"},
				"down": {"uv": [7, 11, 6, 13], "texture": "#20"}
			}
		},
		{
			"from": [13, 1, 7],
			"to": [14, 5, 8],
			"faces": {
				"north": {"uv": [6, 0, 7, 4], "texture": "#20"},
				"east": {"uv": [2, 6, 3, 10], "texture": "#20"},
				"south": {"uv": [3, 6, 4, 10], "texture": "#20"},
				"west": {"uv": [4, 6, 5, 10], "texture": "#20"},
				"up": {"uv": [6, 15, 5, 14], "texture": "#20"},
				"down": {"uv": [15, 5, 14, 6], "texture": "#20"}
			}
		},
		{
			"from": [12, 1, 8],
			"to": [13, 2, 9],
			"faces": {
				"north": {"uv": [15, 4, 16, 5], "texture": "#20"},
				"east": {"uv": [5, 15, 6, 16], "texture": "#20"},
				"south": {"uv": [15, 5, 16, 6], "texture": "#20"},
				"west": {"uv": [6, 15, 7, 16], "texture": "#20"},
				"up": {"uv": [16, 7, 15, 6], "texture": "#20"},
				"down": {"uv": [8, 15, 7, 16], "texture": "#20"}
			}
		},
		{
			"from": [11, 4, 7],
			"to": [12, 5, 8],
			"faces": {
				"north": {"uv": [6, 13, 7, 14], "texture": "#20"},
				"east": {"uv": [7, 13, 8, 14], "texture": "#20"},
				"south": {"uv": [13, 8, 14, 9], "texture": "#20"},
				"west": {"uv": [13, 9, 14, 10], "texture": "#20"},
				"up": {"uv": [11, 14, 10, 13], "texture": "#20"},
				"down": {"uv": [14, 10, 13, 11], "texture": "#20"}
			}
		},
		{
			"from": [10, 1, 7],
			"to": [11, 4, 8],
			"faces": {
				"north": {"uv": [0, 8, 1, 11], "texture": "#20"},
				"east": {"uv": [8, 0, 9, 3], "texture": "#20"},
				"south": {"uv": [1, 8, 2, 11], "texture": "#20"},
				"west": {"uv": [8, 3, 9, 6], "texture": "#20"},
				"up": {"uv": [12, 14, 11, 13], "texture": "#20"},
				"down": {"uv": [14, 11, 13, 12], "texture": "#20"}
			}
		},
		{
			"from": [11, 2, 8],
			"to": [13, 5, 9],
			"faces": {
				"north": {"uv": [0, 3, 2, 6], "texture": "#20"},
				"east": {"uv": [8, 9, 9, 12], "texture": "#20"},
				"south": {"uv": [2, 3, 4, 6], "texture": "#20"},
				"west": {"uv": [9, 9, 10, 12], "texture": "#20"},
				"up": {"uv": [14, 1, 12, 0], "texture": "#20"},
				"down": {"uv": [14, 1, 12, 2], "texture": "#20"}
			}
		},
		{
			"from": [11.1, 4.5, 7.5],
			"to": [12.1, 5.5, 8.9],
			"faces": {
				"north": {"uv": [15, 8, 16, 9], "texture": "#20"},
				"east": {"uv": [2, 13, 4, 14], "texture": "#20"},
				"south": {"uv": [9, 15, 10, 16], "texture": "#20"},
				"west": {"uv": [13, 2, 15, 3], "texture": "#20"},
				"up": {"uv": [14, 5, 13, 3], "texture": "#20"},
				"down": {"uv": [5, 13, 4, 15], "texture": "#20"}
			}
		},
		{
			"from": [12.9, 4.7, 7.5],
			"to": [13.9, 5.7, 8.5],
			"faces": {
				"north": {"uv": [10, 14, 11, 15], "texture": "#20"},
				"east": {"uv": [14, 10, 15, 11], "texture": "#20"},
				"south": {"uv": [11, 14, 12, 15], "texture": "#20"},
				"west": {"uv": [14, 11, 15, 12], "texture": "#20"},
				"up": {"uv": [13, 15, 12, 14], "texture": "#20"},
				"down": {"uv": [15, 12, 14, 13], "texture": "#20"}
			}
		},
		{
			"from": [13, 2, 8],
			"to": [14, 5, 9],
			"faces": {
				"north": {"uv": [4, 10, 5, 13], "texture": "#20"},
				"east": {"uv": [5, 10, 6, 13], "texture": "#20"},
				"south": {"uv": [10, 6, 11, 9], "texture": "#20"},
				"west": {"uv": [10, 9, 11, 12], "texture": "#20"},
				"up": {"uv": [10, 15, 9, 14], "texture": "#20"},
				"down": {"uv": [15, 9, 14, 10], "texture": "#20"}
			}
		},
		{
			"name": "cube 1",
			"from": [11, 0, 7],
			"to": [13, 2, 8],
			"faces": {
				"north": {"uv": [4, 0, 6, 2], "texture": "#20"},
				"east": {"uv": [0, 11, 1, 13], "texture": "#20"},
				"south": {"uv": [4, 2, 6, 4], "texture": "#20"},
				"west": {"uv": [11, 0, 12, 2], "texture": "#20"},
				"up": {"uv": [13, 3, 11, 2], "texture": "#20"},
				"down": {"uv": [13, 3, 11, 4], "texture": "#20"}
			}
		},
		{
			"from": [5, 1, 7],
			"to": [6, 4, 8],
			"faces": {
				"north": {"uv": [6, 8, 7, 11], "texture": "#20"},
				"east": {"uv": [8, 6, 9, 9], "texture": "#20"},
				"south": {"uv": [7, 8, 8, 11], "texture": "#20"},
				"west": {"uv": [9, 0, 10, 3], "texture": "#20"},
				"up": {"uv": [13, 14, 12, 13], "texture": "#20"},
				"down": {"uv": [14, 13, 13, 14], "texture": "#20"}
			}
		},
		{
			"from": [2, 1, 7],
			"to": [3, 5, 8],
			"faces": {
				"north": {"uv": [6, 4, 7, 8], "texture": "#20"},
				"east": {"uv": [5, 6, 6, 10], "texture": "#20"},
				"south": {"uv": [7, 0, 8, 4], "texture": "#20"},
				"west": {"uv": [7, 4, 8, 8], "texture": "#20"},
				"up": {"uv": [7, 15, 6, 14], "texture": "#20"},
				"down": {"uv": [15, 6, 14, 7], "texture": "#20"}
			}
		},
		{
			"from": [3, 5, 7],
			"to": [4, 6, 9],
			"faces": {
				"north": {"uv": [7, 14, 8, 15], "texture": "#20"},
				"east": {"uv": [12, 6, 14, 7], "texture": "#20"},
				"south": {"uv": [14, 7, 15, 8], "texture": "#20"},
				"west": {"uv": [12, 7, 14, 8], "texture": "#20"},
				"up": {"uv": [9, 14, 8, 12], "texture": "#20"},
				"down": {"uv": [10, 12, 9, 14], "texture": "#20"}
			}
		},
		{
			"from": [4, 4, 7],
			"to": [5, 5, 8],
			"faces": {
				"north": {"uv": [14, 0, 15, 1], "texture": "#20"},
				"east": {"uv": [14, 1, 15, 2], "texture": "#20"},
				"south": {"uv": [2, 14, 3, 15], "texture": "#20"},
				"west": {"uv": [3, 14, 4, 15], "texture": "#20"},
				"up": {"uv": [15, 4, 14, 3], "texture": "#20"},
				"down": {"uv": [15, 4, 14, 5], "texture": "#20"}
			}
		},
		{
			"from": [2.1, 4.7, 7.5],
			"to": [3.1, 5.7, 8.5],
			"faces": {
				"north": {"uv": [13, 14, 14, 15], "texture": "#20"},
				"east": {"uv": [14, 13, 15, 14], "texture": "#20"},
				"south": {"uv": [14, 14, 15, 15], "texture": "#20"},
				"west": {"uv": [0, 15, 1, 16], "texture": "#20"},
				"up": {"uv": [16, 1, 15, 0], "texture": "#20"},
				"down": {"uv": [2, 15, 1, 16], "texture": "#20"}
			}
		},
		{
			"from": [3.9, 4.5, 7.5],
			"to": [4.9, 5.5, 8.9],
			"faces": {
				"north": {"uv": [15, 7, 16, 8], "texture": "#20"},
				"east": {"uv": [10, 12, 12, 13], "texture": "#20"},
				"south": {"uv": [8, 15, 9, 16], "texture": "#20"},
				"west": {"uv": [12, 12, 14, 13], "texture": "#20"},
				"up": {"uv": [1, 15, 0, 13], "texture": "#20"},
				"down": {"uv": [2, 13, 1, 15], "texture": "#20"}
			}
		},
		{
			"from": [3, 1, 8],
			"to": [4, 2, 9],
			"faces": {
				"north": {"uv": [15, 1, 16, 2], "texture": "#20"},
				"east": {"uv": [2, 15, 3, 16], "texture": "#20"},
				"south": {"uv": [15, 2, 16, 3], "texture": "#20"},
				"west": {"uv": [3, 15, 4, 16], "texture": "#20"},
				"up": {"uv": [16, 4, 15, 3], "texture": "#20"},
				"down": {"uv": [5, 15, 4, 16], "texture": "#20"}
			}
		},
		{
			"from": [3, 2, 8],
			"to": [5, 5, 9],
			"faces": {
				"north": {"uv": [0, 0, 2, 3], "texture": "#20"},
				"east": {"uv": [9, 3, 10, 6], "texture": "#20"},
				"south": {"uv": [2, 0, 4, 3], "texture": "#20"},
				"west": {"uv": [9, 6, 10, 9], "texture": "#20"},
				"up": {"uv": [13, 11, 11, 10], "texture": "#20"},
				"down": {"uv": [13, 11, 11, 12], "texture": "#20"}
			}
		},
		{
			"from": [2, 2, 8],
			"to": [3, 5, 9],
			"faces": {
				"north": {"uv": [10, 0, 11, 3], "texture": "#20"},
				"east": {"uv": [2, 10, 3, 13], "texture": "#20"},
				"south": {"uv": [3, 10, 4, 13], "texture": "#20"},
				"west": {"uv": [10, 3, 11, 6], "texture": "#20"},
				"up": {"uv": [9, 15, 8, 14], "texture": "#20"},
				"down": {"uv": [15, 8, 14, 9], "texture": "#20"}
			}
		},
		{
			"from": [3, 0, 7],
			"to": [5, 2, 8],
			"faces": {
				"north": {"uv": [4, 4, 6, 6], "texture": "#20"},
				"east": {"uv": [11, 6, 12, 8], "texture": "#20"},
				"south": {"uv": [0, 6, 2, 8], "texture": "#20"},
				"west": {"uv": [7, 11, 8, 13], "texture": "#20"},
				"up": {"uv": [13, 9, 11, 8], "texture": "#20"},
				"down": {"uv": [13, 9, 11, 10], "texture": "#20"}
			}
		}
	],
	"display": {
		"ground": {
			"translation": [0, 5, 0]
		},
		"head": {
			"translation": [-0.25, 13.5, 0],
			"scale": [1.5, 1.5, 1.5]
		}
	},
	"groups": [
		{
			"name": "ear left",
			"origin": [0, 0, 0],
			"color": 0,
			"children": [0, 1, 2, 3, 4, 5, 6, 7, 8, 9]
		},
		{
			"name": "ear right",
			"origin": [0, 0, 0],
			"color": 0,
			"children": [10, 11, 12, 13, 14, 15, 16, 17, 18, 19]
		}
	]
}
