{
	"credit": "Made with Blockbench",
	"texture_size": [32, 32],
	"textures": {
		"0": "cookie:item/cool_glasses",
		"particle": "cookie:item/cool_glasses"
	},
	"elements": [
		{
			"from": [14, 2, 5],
			"to": [15, 3, 13],
			"rotation": {"angle": 0, "axis": "y", "origin": [13, 2, 6]},
			"faces": {
				"north": {"uv": [6, 7, 6.5, 7.5], "texture": "#0"},
				"east": {"uv": [0, 2, 4, 2.5], "texture": "#0"},
				"south": {"uv": [6.5, 7, 7, 7.5], "texture": "#0"},
				"west": {"uv": [0, 2.5, 4, 3], "texture": "#0"},
				"up": {"uv": [0.5, 7, 0, 3], "texture": "#0"},
				"down": {"uv": [1, 3, 0.5, 7], "texture": "#0"}
			}
		},
		{
			"from": [0, 2, 5],
			"to": [1, 3, 13],
			"rotation": {"angle": 0, "axis": "y", "origin": [-1, 2, 6]},
			"faces": {
				"north": {"uv": [7.5, 0.5, 8, 1], "texture": "#0"},
				"east": {"uv": [1, 3, 5, 3.5], "texture": "#0"},
				"south": {"uv": [2, 7.5, 2.5, 8], "texture": "#0"},
				"west": {"uv": [1, 3.5, 5, 4], "texture": "#0"},
				"up": {"uv": [1.5, 8, 1, 4], "texture": "#0"},
				"down": {"uv": [2, 4, 1.5, 8], "texture": "#0"}
			}
		},
		{
			"from": [1, 2, 5],
			"to": [14, 3, 6],
			"rotation": {"angle": 0, "axis": "y", "origin": [8, 2, 6]},
			"faces": {
				"north": {"uv": [0, 0, 6.5, 0.5], "texture": "#0"},
				"east": {"uv": [7.5, 0, 8, 0.5], "texture": "#0"},
				"south": {"uv": [0, 0.5, 6.5, 1], "texture": "#0"},
				"west": {"uv": [0.5, 7.5, 1, 8], "texture": "#0"},
				"up": {"uv": [6.5, 1.5, 0, 1], "texture": "#0"},
				"down": {"uv": [6.5, 1.5, 0, 2], "texture": "#0"}
			}
		},
		{
			"from": [8.5, 1, 5],
			"to": [14, 2, 6],
			"rotation": {"angle": 0, "axis": "y", "origin": [8, 1, 6]},
			"faces": {
				"north": {"uv": [2, 4, 5, 4.5], "texture": "#0"},
				"east": {"uv": [4.5, 7.5, 5, 8], "texture": "#0"},
				"south": {"uv": [4, 2, 7, 2.5], "texture": "#0"},
				"west": {"uv": [7.5, 4.5, 8, 5], "texture": "#0"},
				"up": {"uv": [7, 3, 4, 2.5], "texture": "#0"},
				"down": {"uv": [5, 4.5, 2, 5], "texture": "#0"}
			}
		},
		{
			"from": [6.5, 1.5, 5],
			"to": [8.5, 2, 6],
			"rotation": {"angle": 0, "axis": "y", "origin": [8, 1, 6]},
			"faces": {
				"north": {"uv": [5.5, 6.5, 6.5, 7], "texture": "#0"},
				"east": {"uv": [2.5, 8, 3, 8.5], "texture": "#0"},
				"south": {"uv": [6.5, 6.5, 7.5, 7], "texture": "#0"},
				"west": {"uv": [8, 2.5, 8.5, 3], "texture": "#0"},
				"up": {"uv": [1, 7.5, 0, 7], "texture": "#0"},
				"down": {"uv": [8, 1, 7, 1.5], "texture": "#0"}
			}
		},
		{
			"from": [8.75, 0, 5],
			"to": [13, 1, 6],
			"rotation": {"angle": 0, "axis": "y", "origin": [8, 0, 6]},
			"faces": {
				"north": {"uv": [5, 4.5, 7, 5], "texture": "#0"},
				"east": {"uv": [6, 7.5, 6.5, 8], "texture": "#0"},
				"south": {"uv": [5, 5, 7, 5.5], "texture": "#0"},
				"west": {"uv": [6.5, 7.5, 7, 8], "texture": "#0"},
				"up": {"uv": [4, 6, 2, 5.5], "texture": "#0"},
				"down": {"uv": [6, 5.5, 4, 6], "texture": "#0"}
			}
		},
		{
			"from": [2, 0, 5],
			"to": [6.25, 1, 6],
			"rotation": {"angle": 0, "axis": "y", "origin": [1, 0, 6]},
			"faces": {
				"north": {"uv": [2, 6, 4, 6.5], "texture": "#0"},
				"east": {"uv": [7.5, 6.5, 8, 7], "texture": "#0"},
				"south": {"uv": [4, 6, 6, 6.5], "texture": "#0"},
				"west": {"uv": [7, 7.5, 7.5, 8], "texture": "#0"},
				"up": {"uv": [8, 6, 6, 5.5], "texture": "#0"},
				"down": {"uv": [8, 6, 6, 6.5], "texture": "#0"}
			}
		},
		{
			"from": [1.5, 0.5, 5],
			"to": [2, 1, 6],
			"rotation": {"angle": 0, "axis": "y", "origin": [-3, 0, 6]},
			"faces": {
				"north": {"uv": [7.5, 7, 8, 7.5], "texture": "#0"},
				"east": {"uv": [7.5, 7.5, 8, 8], "texture": "#0"},
				"south": {"uv": [0, 8, 0.5, 8.5], "texture": "#0"},
				"west": {"uv": [8, 0, 8.5, 0.5], "texture": "#0"},
				"up": {"uv": [1, 8.5, 0.5, 8], "texture": "#0"},
				"down": {"uv": [8.5, 0.5, 8, 1], "texture": "#0"}
			}
		},
		{
			"from": [13, 0.5, 5],
			"to": [13.5, 1, 6],
			"rotation": {"angle": 0, "axis": "y", "origin": [8.75, 0, 6]},
			"faces": {
				"north": {"uv": [1, 8, 1.5, 8.5], "texture": "#0"},
				"east": {"uv": [8, 1, 8.5, 1.5], "texture": "#0"},
				"south": {"uv": [1.5, 8, 2, 8.5], "texture": "#0"},
				"west": {"uv": [8, 1.5, 8.5, 2], "texture": "#0"},
				"up": {"uv": [2.5, 8.5, 2, 8], "texture": "#0"},
				"down": {"uv": [8.5, 2, 8, 2.5], "texture": "#0"}
			}
		},
		{
			"from": [1, 1, 5],
			"to": [6.5, 2, 6],
			"rotation": {"angle": 0, "axis": "y", "origin": [0, 1, 6]},
			"faces": {
				"north": {"uv": [2, 5, 5, 5.5], "texture": "#0"},
				"east": {"uv": [5, 7.5, 5.5, 8], "texture": "#0"},
				"south": {"uv": [5, 3, 8, 3.5], "texture": "#0"},
				"west": {"uv": [7.5, 5, 8, 5.5], "texture": "#0"},
				"up": {"uv": [8, 4, 5, 3.5], "texture": "#0"},
				"down": {"uv": [8, 4, 5, 4.5], "texture": "#0"}
			}
		},
		{
			"from": [14, 1, 12],
			"to": [15, 2, 14],
			"rotation": {"angle": 0, "axis": "y", "origin": [13, 2, 11]},
			"faces": {
				"north": {"uv": [7, 7, 7.5, 7.5], "texture": "#0"},
				"east": {"uv": [6.5, 0, 7.5, 0.5], "texture": "#0"},
				"south": {"uv": [0, 7.5, 0.5, 8], "texture": "#0"},
				"west": {"uv": [6.5, 0.5, 7.5, 1], "texture": "#0"},
				"up": {"uv": [7, 2, 6.5, 1], "texture": "#0"},
				"down": {"uv": [2.5, 6.5, 2, 7.5], "texture": "#0"}
			}
		},
		{
			"from": [0, 1, 12],
			"to": [1, 2, 14],
			"rotation": {"angle": 0, "axis": "y", "origin": [-1, 2, 11]},
			"faces": {
				"north": {"uv": [3.5, 7.5, 4, 8], "texture": "#0"},
				"east": {"uv": [2.5, 6.5, 3.5, 7], "texture": "#0"},
				"south": {"uv": [4, 7.5, 4.5, 8], "texture": "#0"},
				"west": {"uv": [3.5, 6.5, 4.5, 7], "texture": "#0"},
				"up": {"uv": [5, 7.5, 4.5, 6.5], "texture": "#0"},
				"down": {"uv": [5.5, 6.5, 5, 7.5], "texture": "#0"}
			}
		},
		{
			"from": [14, 0.5, 13.25],
			"to": [14.75, 1.5, 14.75],
			"rotation": {"angle": 0, "axis": "y", "origin": [12.75, 1, 11]},
			"faces": {
				"north": {"uv": [3, 8, 3.5, 8.5], "texture": "#0"},
				"east": {"uv": [7, 1.5, 8, 2], "texture": "#0"},
				"south": {"uv": [8, 3, 8.5, 3.5], "texture": "#0"},
				"west": {"uv": [7, 2, 8, 2.5], "texture": "#0"},
				"up": {"uv": [3, 8, 2.5, 7], "texture": "#0"},
				"down": {"uv": [3.5, 7, 3, 8], "texture": "#0"}
			}
		},
		{
			"from": [0.25, 0.5, 13.25],
			"to": [1, 1.5, 14.75],
			"rotation": {"angle": 0, "axis": "y", "origin": [-1, 1, 11]},
			"faces": {
				"north": {"uv": [3.5, 8, 4, 8.5], "texture": "#0"},
				"east": {"uv": [7, 2.5, 8, 3], "texture": "#0"},
				"south": {"uv": [8, 3.5, 8.5, 4], "texture": "#0"},
				"west": {"uv": [3.5, 7, 4.5, 7.5], "texture": "#0"},
				"up": {"uv": [7.5, 5.5, 7, 4.5], "texture": "#0"},
				"down": {"uv": [6, 7, 5.5, 8], "texture": "#0"}
			}
		}
	],
	"display": {
		"ground": {
			"translation": [0, 5, 0]
		},
		"head": {
			"translation": [0.5, 3, -5.5]
		}
	}
}
