{
	"credit": "Made with Blockbench",
	"textures": {
		"0": "cookie:item/dog_ears",
		"particle": "cookie:item/dog_ears"
	},
	"elements": [
		{
			"name": "cube 1",
			"from": [11, 0, 7],
			"to": [13, 1, 9],
			"rotation": {"angle": 0, "axis": "y", "origin": [12, 3, 8]},
			"faces": {
				"north": {"uv": [0, 11, 2, 12], "texture": "#0"},
				"east": {"uv": [11, 0, 13, 1], "texture": "#0"},
				"south": {"uv": [11, 1, 13, 2], "texture": "#0"},
				"west": {"uv": [11, 2, 13, 3], "texture": "#0"},
				"up": {"uv": [6, 2, 4, 0], "texture": "#0"},
				"down": {"uv": [6, 2, 4, 4], "texture": "#0"}
			}
		},
		{
			"from": [12, 5, 7],
			"to": [13, 6, 9],
			"rotation": {"angle": 0, "axis": "y", "origin": [12, 3, 8]},
			"faces": {
				"north": {"uv": [7, 11, 8, 12], "texture": "#0"},
				"east": {"uv": [11, 3, 13, 4], "texture": "#0"},
				"south": {"uv": [6, 13, 7, 14], "texture": "#0"},
				"west": {"uv": [11, 4, 13, 5], "texture": "#0"},
				"up": {"uv": [12, 7, 11, 5], "texture": "#0"},
				"down": {"uv": [7, 11, 6, 13], "texture": "#0"}
			}
		},
		{
			"from": [10, 1, 8],
			"to": [11, 4, 9],
			"rotation": {"angle": 0, "axis": "y", "origin": [12, 3, 8]},
			"faces": {
				"north": {"uv": [0, 8, 1, 11], "texture": "#0"},
				"east": {"uv": [8, 0, 9, 3], "texture": "#0"},
				"south": {"uv": [1, 8, 2, 11], "texture": "#0"},
				"west": {"uv": [8, 3, 9, 6], "texture": "#0"},
				"up": {"uv": [8, 14, 7, 13], "texture": "#0"},
				"down": {"uv": [14, 7, 13, 8], "texture": "#0"}
			}
		},
		{
			"from": [5, 4, 8],
			"to": [6, 4.5, 9],
			"rotation": {"angle": 0, "axis": "y", "origin": [12, 3, 8]},
			"faces": {
				"north": {"uv": [12, 14, 13, 15], "texture": "#0"},
				"east": {"uv": [14, 12, 15, 13], "texture": "#0"},
				"south": {"uv": [13, 14, 14, 15], "texture": "#0"},
				"west": {"uv": [14, 13, 15, 14], "texture": "#0"},
				"up": {"uv": [15, 15, 14, 14], "texture": "#0"},
				"down": {"uv": [1, 15, 0, 16], "texture": "#0"}
			}
		},
		{
			"from": [10, 4, 8],
			"to": [11, 4.5, 9],
			"rotation": {"angle": 0, "axis": "y", "origin": [12, 3, 8]},
			"faces": {
				"north": {"uv": [15, 0, 16, 1], "texture": "#0"},
				"east": {"uv": [1, 15, 2, 16], "texture": "#0"},
				"south": {"uv": [15, 1, 16, 2], "texture": "#0"},
				"west": {"uv": [2, 15, 3, 16], "texture": "#0"},
				"up": {"uv": [16, 3, 15, 2], "texture": "#0"},
				"down": {"uv": [4, 15, 3, 16], "texture": "#0"}
			}
		},
		{
			"from": [13, 1.5, 8],
			"to": [14, 2, 9],
			"rotation": {"angle": 0, "axis": "y", "origin": [12, 3, 8]},
			"faces": {
				"north": {"uv": [15, 3, 16, 4], "texture": "#0"},
				"east": {"uv": [4, 15, 5, 16], "texture": "#0"},
				"south": {"uv": [15, 4, 16, 5], "texture": "#0"},
				"west": {"uv": [5, 15, 6, 16], "texture": "#0"},
				"up": {"uv": [16, 6, 15, 5], "texture": "#0"},
				"down": {"uv": [7, 15, 6, 16], "texture": "#0"}
			}
		},
		{
			"from": [2, 1.5, 8],
			"to": [3, 2, 9],
			"rotation": {"angle": 0, "axis": "y", "origin": [12, 3, 8]},
			"faces": {
				"north": {"uv": [15, 6, 16, 7], "texture": "#0"},
				"east": {"uv": [7, 15, 8, 16], "texture": "#0"},
				"south": {"uv": [15, 7, 16, 8], "texture": "#0"},
				"west": {"uv": [8, 15, 9, 16], "texture": "#0"},
				"up": {"uv": [16, 9, 15, 8], "texture": "#0"},
				"down": {"uv": [10, 15, 9, 16], "texture": "#0"}
			}
		},
		{
			"from": [3, 0, 7],
			"to": [5, 1, 9],
			"faces": {
				"north": {"uv": [11, 7, 13, 8], "texture": "#0"},
				"east": {"uv": [11, 8, 13, 9], "texture": "#0"},
				"south": {"uv": [11, 9, 13, 10], "texture": "#0"},
				"west": {"uv": [11, 10, 13, 11], "texture": "#0"},
				"up": {"uv": [6, 6, 4, 4], "texture": "#0"},
				"down": {"uv": [2, 6, 0, 8], "texture": "#0"}
			}
		},
		{
			"from": [5, 1, 8],
			"to": [6, 4, 9],
			"faces": {
				"north": {"uv": [6, 8, 7, 11], "texture": "#0"},
				"east": {"uv": [8, 6, 9, 9], "texture": "#0"},
				"south": {"uv": [7, 8, 8, 11], "texture": "#0"},
				"west": {"uv": [9, 0, 10, 3], "texture": "#0"},
				"up": {"uv": [9, 14, 8, 13], "texture": "#0"},
				"down": {"uv": [14, 8, 13, 9], "texture": "#0"}
			}
		},
		{
			"from": [13, 1, 7],
			"to": [14, 5, 8],
			"rotation": {"angle": 0, "axis": "y", "origin": [12, 3, 8]},
			"faces": {
				"north": {"uv": [6, 0, 7, 4], "texture": "#0"},
				"east": {"uv": [2, 6, 3, 10], "texture": "#0"},
				"south": {"uv": [3, 6, 4, 10], "texture": "#0"},
				"west": {"uv": [4, 6, 5, 10], "texture": "#0"},
				"up": {"uv": [10, 14, 9, 13], "texture": "#0"},
				"down": {"uv": [14, 9, 13, 10], "texture": "#0"}
			}
		},
		{
			"from": [2, 1, 7],
			"to": [3, 5, 8],
			"faces": {
				"north": {"uv": [6, 4, 7, 8], "texture": "#0"},
				"east": {"uv": [5, 6, 6, 10], "texture": "#0"},
				"south": {"uv": [7, 0, 8, 4], "texture": "#0"},
				"west": {"uv": [7, 4, 8, 8], "texture": "#0"},
				"up": {"uv": [11, 14, 10, 13], "texture": "#0"},
				"down": {"uv": [14, 10, 13, 11], "texture": "#0"}
			}
		},
		{
			"from": [3, 2, 8],
			"to": [5, 5, 9],
			"faces": {
				"north": {"uv": [0, 0, 2, 3], "texture": "#0"},
				"east": {"uv": [9, 3, 10, 6], "texture": "#0"},
				"south": {"uv": [2, 0, 4, 3], "texture": "#0"},
				"west": {"uv": [9, 6, 10, 9], "texture": "#0"},
				"up": {"uv": [13, 12, 11, 11], "texture": "#0"},
				"down": {"uv": [2, 12, 0, 13], "texture": "#0"}
			}
		},
		{
			"from": [11, 2, 8],
			"to": [13, 5, 9],
			"rotation": {"angle": 0, "axis": "y", "origin": [12, 3, 8]},
			"faces": {
				"north": {"uv": [0, 3, 2, 6], "texture": "#0"},
				"east": {"uv": [8, 9, 9, 12], "texture": "#0"},
				"south": {"uv": [2, 3, 4, 6], "texture": "#0"},
				"west": {"uv": [9, 9, 10, 12], "texture": "#0"},
				"up": {"uv": [14, 6, 12, 5], "texture": "#0"},
				"down": {"uv": [14, 6, 12, 7], "texture": "#0"}
			}
		},
		{
			"from": [3, 5, 7],
			"to": [4, 6, 9],
			"faces": {
				"north": {"uv": [13, 11, 14, 12], "texture": "#0"},
				"east": {"uv": [7, 12, 9, 13], "texture": "#0"},
				"south": {"uv": [13, 12, 14, 13], "texture": "#0"},
				"west": {"uv": [9, 12, 11, 13], "texture": "#0"},
				"up": {"uv": [12, 14, 11, 12], "texture": "#0"},
				"down": {"uv": [13, 12, 12, 14], "texture": "#0"}
			}
		},
		{
			"from": [2, 2, 8],
			"to": [3, 5, 9],
			"faces": {
				"north": {"uv": [10, 0, 11, 3], "texture": "#0"},
				"east": {"uv": [2, 10, 3, 13], "texture": "#0"},
				"south": {"uv": [3, 10, 4, 13], "texture": "#0"},
				"west": {"uv": [10, 3, 11, 6], "texture": "#0"},
				"up": {"uv": [14, 14, 13, 13], "texture": "#0"},
				"down": {"uv": [1, 14, 0, 15], "texture": "#0"}
			}
		},
		{
			"from": [13, 2, 8],
			"to": [14, 5, 9],
			"rotation": {"angle": 0, "axis": "y", "origin": [12, 3, 8]},
			"faces": {
				"north": {"uv": [4, 10, 5, 13], "texture": "#0"},
				"east": {"uv": [5, 10, 6, 13], "texture": "#0"},
				"south": {"uv": [10, 6, 11, 9], "texture": "#0"},
				"west": {"uv": [10, 9, 11, 12], "texture": "#0"},
				"up": {"uv": [2, 15, 1, 14], "texture": "#0"},
				"down": {"uv": [3, 14, 2, 15], "texture": "#0"}
			}
		},
		{
			"from": [3, 1, 8],
			"to": [5, 2, 9],
			"faces": {
				"north": {"uv": [0, 13, 2, 14], "texture": "#0"},
				"east": {"uv": [3, 14, 4, 15], "texture": "#0"},
				"south": {"uv": [13, 0, 15, 1], "texture": "#0"},
				"west": {"uv": [4, 14, 5, 15], "texture": "#0"},
				"up": {"uv": [15, 2, 13, 1], "texture": "#0"},
				"down": {"uv": [4, 13, 2, 14], "texture": "#0"}
			}
		},
		{
			"from": [11, 1, 8],
			"to": [13, 2, 9],
			"rotation": {"angle": 0, "axis": "y", "origin": [12, 3, 8]},
			"faces": {
				"north": {"uv": [13, 2, 15, 3], "texture": "#0"},
				"east": {"uv": [5, 14, 6, 15], "texture": "#0"},
				"south": {"uv": [13, 3, 15, 4], "texture": "#0"},
				"west": {"uv": [14, 5, 15, 6], "texture": "#0"},
				"up": {"uv": [6, 14, 4, 13], "texture": "#0"},
				"down": {"uv": [15, 4, 13, 5], "texture": "#0"}
			}
		},
		{
			"from": [3.9, 4.5, 7.5],
			"to": [4.9, 5.5, 8.9],
			"faces": {
				"north": {"uv": [6, 14, 7, 15], "texture": "#0"},
				"east": {"uv": [14, 6, 15, 7], "texture": "#0"},
				"south": {"uv": [7, 14, 8, 15], "texture": "#0"},
				"west": {"uv": [14, 7, 15, 8], "texture": "#0"},
				"up": {"uv": [9, 15, 8, 14], "texture": "#0"},
				"down": {"uv": [15, 8, 14, 9], "texture": "#0"}
			}
		},
		{
			"from": [11.1, 4.5, 7.5],
			"to": [12.1, 5.5, 8.9],
			"rotation": {"angle": 0, "axis": "y", "origin": [12, 3, 8]},
			"faces": {
				"north": {"uv": [9, 14, 10, 15], "texture": "#0"},
				"east": {"uv": [14, 9, 15, 10], "texture": "#0"},
				"south": {"uv": [10, 14, 11, 15], "texture": "#0"},
				"west": {"uv": [14, 10, 15, 11], "texture": "#0"},
				"up": {"uv": [12, 15, 11, 14], "texture": "#0"},
				"down": {"uv": [15, 11, 14, 12], "texture": "#0"}
			}
		}
	],
	"display": {
		"thirdperson_righthand": {
			"translation": [0, 4.25, 0],
			"scale": [0.7, 0.7, 0.7]
		},
		"ground": {
			"translation": [0, 5.25, 0]
		},
		"gui": {
			"rotation": [-180, -2.23, -179.25],
			"translation": [0.5, 5, 0]
		},
		"head": {
			"translation": [0, 13, 0],
			"scale": [1.4, 1.4, 1.4]
		}
	}
}
