{
	"credit": "Made with Blockbench",
	"textures": {
		"0": "cookie:item/fox_ears",
		"particle": "cookie:item/fox_ears"
	},
	"elements": [
		{
			"name": "cube 1",
			"from": [11, 0, 7],
			"to": [13, 2, 8],
			"faces": {
				"north": {"uv": [4, 0, 6, 2], "texture": "#0"},
				"east": {"uv": [11, 9, 12, 11], "texture": "#0"},
				"south": {"uv": [4, 2, 6, 4], "texture": "#0"},
				"west": {"uv": [11, 11, 12, 13], "texture": "#0"},
				"up": {"uv": [14, 1, 12, 0], "texture": "#0"},
				"down": {"uv": [14, 1, 12, 2], "texture": "#0"}
			}
		},
		{
			"from": [12, 5, 7],
			"to": [14, 6, 9],
			"faces": {
				"north": {"uv": [12, 2, 14, 3], "texture": "#0"},
				"east": {"uv": [12, 3, 14, 4], "texture": "#0"},
				"south": {"uv": [12, 4, 14, 5], "texture": "#0"},
				"west": {"uv": [12, 5, 14, 6], "texture": "#0"},
				"up": {"uv": [6, 6, 4, 4], "texture": "#0"},
				"down": {"uv": [2, 6, 0, 8], "texture": "#0"}
			}
		},
		{
			"from": [11, 4, 7],
			"to": [12, 5, 8],
			"faces": {
				"north": {"uv": [9, 3, 10, 4], "texture": "#0"},
				"east": {"uv": [10, 12, 11, 13], "texture": "#0"},
				"south": {"uv": [13, 7, 14, 8], "texture": "#0"},
				"west": {"uv": [8, 13, 9, 14], "texture": "#0"},
				"up": {"uv": [10, 14, 9, 13], "texture": "#0"},
				"down": {"uv": [11, 13, 10, 14], "texture": "#0"}
			}
		},
		{
			"from": [10, 1, 7],
			"to": [11, 4, 8],
			"faces": {
				"north": {"uv": [3, 8, 4, 11], "texture": "#0"},
				"east": {"uv": [8, 6, 9, 9], "texture": "#0"},
				"south": {"uv": [9, 0, 10, 3], "texture": "#0"},
				"west": {"uv": [9, 6, 10, 9], "texture": "#0"},
				"up": {"uv": [12, 14, 11, 13], "texture": "#0"},
				"down": {"uv": [13, 13, 12, 14], "texture": "#0"}
			}
		},
		{
			"from": [3, 0, 7],
			"to": [5, 2, 8],
			"faces": {
				"north": {"uv": [6, 0, 8, 2], "texture": "#0"},
				"east": {"uv": [0, 12, 1, 14], "texture": "#0"},
				"south": {"uv": [2, 6, 4, 8], "texture": "#0"},
				"west": {"uv": [12, 6, 13, 8], "texture": "#0"},
				"up": {"uv": [10, 13, 8, 12], "texture": "#0"},
				"down": {"uv": [14, 8, 12, 9], "texture": "#0"}
			}
		},
		{
			"from": [5, 1, 7],
			"to": [6, 4, 8],
			"faces": {
				"north": {"uv": [8, 9, 9, 12], "texture": "#0"},
				"east": {"uv": [9, 9, 10, 12], "texture": "#0"},
				"south": {"uv": [10, 0, 11, 3], "texture": "#0"},
				"west": {"uv": [1, 10, 2, 13], "texture": "#0"},
				"up": {"uv": [14, 14, 13, 13], "texture": "#0"},
				"down": {"uv": [1, 14, 0, 15], "texture": "#0"}
			}
		},
		{
			"from": [4, 4, 7],
			"to": [5, 5, 8],
			"faces": {
				"north": {"uv": [14, 0, 15, 1], "texture": "#0"},
				"east": {"uv": [1, 14, 2, 15], "texture": "#0"},
				"south": {"uv": [14, 1, 15, 2], "texture": "#0"},
				"west": {"uv": [2, 14, 3, 15], "texture": "#0"},
				"up": {"uv": [15, 3, 14, 2], "texture": "#0"},
				"down": {"uv": [4, 14, 3, 15], "texture": "#0"}
			}
		},
		{
			"from": [13, 1, 7],
			"to": [14, 5, 8],
			"faces": {
				"north": {"uv": [6, 2, 7, 6], "texture": "#0"},
				"east": {"uv": [4, 6, 5, 10], "texture": "#0"},
				"south": {"uv": [5, 6, 6, 10], "texture": "#0"},
				"west": {"uv": [6, 6, 7, 10], "texture": "#0"},
				"up": {"uv": [15, 4, 14, 3], "texture": "#0"},
				"down": {"uv": [5, 14, 4, 15], "texture": "#0"}
			}
		},
		{
			"from": [2, 1, 7],
			"to": [3, 5, 8],
			"faces": {
				"north": {"uv": [7, 2, 8, 6], "texture": "#0"},
				"east": {"uv": [7, 6, 8, 10], "texture": "#0"},
				"south": {"uv": [0, 8, 1, 12], "texture": "#0"},
				"west": {"uv": [8, 0, 9, 4], "texture": "#0"},
				"up": {"uv": [15, 5, 14, 4], "texture": "#0"},
				"down": {"uv": [6, 14, 5, 15], "texture": "#0"}
			}
		},
		{
			"from": [3, 2, 8],
			"to": [5, 5, 9],
			"faces": {
				"north": {"uv": [0, 0, 2, 3], "texture": "#0"},
				"east": {"uv": [2, 10, 3, 13], "texture": "#0"},
				"south": {"uv": [2, 0, 4, 3], "texture": "#0"},
				"west": {"uv": [10, 3, 11, 6], "texture": "#0"},
				"up": {"uv": [14, 10, 12, 9], "texture": "#0"},
				"down": {"uv": [14, 10, 12, 11], "texture": "#0"}
			}
		},
		{
			"from": [11, 2, 8],
			"to": [13, 5, 9],
			"faces": {
				"north": {"uv": [0, 3, 2, 6], "texture": "#0"},
				"east": {"uv": [4, 10, 5, 13], "texture": "#0"},
				"south": {"uv": [2, 3, 4, 6], "texture": "#0"},
				"west": {"uv": [5, 10, 6, 13], "texture": "#0"},
				"up": {"uv": [14, 12, 12, 11], "texture": "#0"},
				"down": {"uv": [14, 12, 12, 13], "texture": "#0"}
			}
		},
		{
			"from": [2, 5, 7],
			"to": [4, 6, 9],
			"faces": {
				"north": {"uv": [1, 13, 3, 14], "texture": "#0"},
				"east": {"uv": [4, 13, 6, 14], "texture": "#0"},
				"south": {"uv": [6, 13, 8, 14], "texture": "#0"},
				"west": {"uv": [13, 6, 15, 7], "texture": "#0"},
				"up": {"uv": [3, 10, 1, 8], "texture": "#0"},
				"down": {"uv": [10, 4, 8, 6], "texture": "#0"}
			}
		},
		{
			"from": [2, 2, 8],
			"to": [3, 5, 9],
			"faces": {
				"north": {"uv": [6, 10, 7, 13], "texture": "#0"},
				"east": {"uv": [10, 6, 11, 9], "texture": "#0"},
				"south": {"uv": [7, 10, 8, 13], "texture": "#0"},
				"west": {"uv": [10, 9, 11, 12], "texture": "#0"},
				"up": {"uv": [15, 6, 14, 5], "texture": "#0"},
				"down": {"uv": [7, 14, 6, 15], "texture": "#0"}
			}
		},
		{
			"from": [13, 2, 8],
			"to": [14, 5, 9],
			"faces": {
				"north": {"uv": [11, 0, 12, 3], "texture": "#0"},
				"east": {"uv": [3, 11, 4, 14], "texture": "#0"},
				"south": {"uv": [11, 3, 12, 6], "texture": "#0"},
				"west": {"uv": [11, 6, 12, 9], "texture": "#0"},
				"up": {"uv": [8, 15, 7, 14], "texture": "#0"},
				"down": {"uv": [15, 7, 14, 8], "texture": "#0"}
			}
		},
		{
			"from": [3, 1, 8],
			"to": [4, 2, 9],
			"faces": {
				"north": {"uv": [8, 14, 9, 15], "texture": "#0"},
				"east": {"uv": [14, 8, 15, 9], "texture": "#0"},
				"south": {"uv": [9, 14, 10, 15], "texture": "#0"},
				"west": {"uv": [14, 9, 15, 10], "texture": "#0"},
				"up": {"uv": [11, 15, 10, 14], "texture": "#0"},
				"down": {"uv": [15, 10, 14, 11], "texture": "#0"}
			}
		},
		{
			"from": [12, 1, 8],
			"to": [13, 2, 9],
			"faces": {
				"north": {"uv": [11, 14, 12, 15], "texture": "#0"},
				"east": {"uv": [14, 11, 15, 12], "texture": "#0"},
				"south": {"uv": [12, 14, 13, 15], "texture": "#0"},
				"west": {"uv": [14, 12, 15, 13], "texture": "#0"},
				"up": {"uv": [14, 15, 13, 14], "texture": "#0"},
				"down": {"uv": [15, 13, 14, 14], "texture": "#0"}
			}
		},
		{
			"from": [3.9, 4.5, 7.5],
			"to": [4.9, 5.5, 8.9],
			"faces": {
				"north": {"uv": [14, 14, 15, 15], "texture": "#0"},
				"east": {"uv": [0, 15, 1, 16], "texture": "#0"},
				"south": {"uv": [15, 0, 16, 1], "texture": "#0"},
				"west": {"uv": [1, 15, 2, 16], "texture": "#0"},
				"up": {"uv": [16, 2, 15, 1], "texture": "#0"},
				"down": {"uv": [3, 15, 2, 16], "texture": "#0"}
			}
		},
		{
			"from": [11.1, 4.5, 7.5],
			"to": [12.1, 5.5, 8.9],
			"faces": {
				"north": {"uv": [15, 2, 16, 3], "texture": "#0"},
				"east": {"uv": [3, 15, 4, 16], "texture": "#0"},
				"south": {"uv": [15, 3, 16, 4], "texture": "#0"},
				"west": {"uv": [4, 15, 5, 16], "texture": "#0"},
				"up": {"uv": [16, 5, 15, 4], "texture": "#0"},
				"down": {"uv": [6, 15, 5, 16], "texture": "#0"}
			}
		}
	],
	"display": {
		"thirdperson_righthand": {
			"translation": [0, 3.25, -0.75],
			"scale": [0.7, 0.7, 0.7]
		},
		"head": {
			"translation": [0, 13.5, 0],
			"scale": [1.5, 1.5, 1.5]
		}
	}
}
