{
	"credit": "Made with Blockbench",
	"texture_size": [32, 32],
	"textures": {
		"12": "cookie:item/heart_crown"
	},
	"elements": [
		{
			"from": [8.67984, 3.02011, 11.25],
			"to": [9.67984, 4.02011, 12.25],
			"rotation": {"angle": 45, "axis": "z", "origin": [8.42984, 3.77011, 3.5]},
			"faces": {
				"north": {"uv": [8, 0, 8.5, 0.5], "texture": "#12"},
				"east": {"uv": [8, 0.5, 8.5, 1], "texture": "#12"},
				"south": {"uv": [8, 1, 8.5, 1.5], "texture": "#12"},
				"west": {"uv": [8, 1.5, 8.5, 2], "texture": "#12"},
				"up": {"uv": [2.5, 8.5, 2, 8], "texture": "#12"},
				"down": {"uv": [3, 8, 2.5, 8.5], "texture": "#12"}
			}
		},
		{
			"from": [7.67984, 3.02011, 11.25],
			"to": [8.67984, 4.02011, 12.25],
			"rotation": {"angle": 45, "axis": "z", "origin": [8.42984, 3.77011, 3.5]},
			"faces": {
				"north": {"uv": [3, 8, 3.5, 8.5], "texture": "#12"},
				"east": {"uv": [3.5, 8, 4, 8.5], "texture": "#12"},
				"south": {"uv": [4, 8, 4.5, 8.5], "texture": "#12"},
				"west": {"uv": [8, 4, 8.5, 4.5], "texture": "#12"},
				"up": {"uv": [5, 8.5, 4.5, 8], "texture": "#12"},
				"down": {"uv": [8.5, 4.5, 8, 5], "texture": "#12"}
			}
		},
		{
			"from": [7.67984, 4.02011, 11.25],
			"to": [8.67984, 5.02011, 12.25],
			"rotation": {"angle": 45, "axis": "z", "origin": [8.42984, 3.77011, 3.5]},
			"faces": {
				"north": {"uv": [5, 8, 5.5, 8.5], "texture": "#12"},
				"east": {"uv": [8, 5, 8.5, 5.5], "texture": "#12"},
				"south": {"uv": [5.5, 8, 6, 8.5], "texture": "#12"},
				"west": {"uv": [8, 5.5, 8.5, 6], "texture": "#12"},
				"up": {"uv": [6.5, 8.5, 6, 8], "texture": "#12"},
				"down": {"uv": [8.5, 6, 8, 6.5], "texture": "#12"}
			}
		},
		{
			"from": [8, 2, 11.25],
			"to": [9, 3, 12.25],
			"rotation": {"angle": 45, "axis": "z", "origin": [8.5, 2.5, 3.5]},
			"faces": {
				"north": {"uv": [6.5, 8, 7, 8.5], "texture": "#12"},
				"east": {"uv": [8, 6.5, 8.5, 7], "texture": "#12"},
				"south": {"uv": [7, 8, 7.5, 8.5], "texture": "#12"},
				"west": {"uv": [8, 7, 8.5, 7.5], "texture": "#12"},
				"up": {"uv": [8, 8.5, 7.5, 8], "texture": "#12"},
				"down": {"uv": [8.5, 7.5, 8, 8], "texture": "#12"}
			}
		},
		{
			"from": [11.50826, 1.6059, 11.25],
			"to": [12.50826, 2.6059, 12.25],
			"rotation": {"angle": 45, "axis": "z", "origin": [11.25826, 2.3559, 3.5]},
			"faces": {
				"north": {"uv": [8, 8, 8.5, 8.5], "texture": "#12"},
				"east": {"uv": [0, 8.5, 0.5, 9], "texture": "#12"},
				"south": {"uv": [8.5, 0, 9, 0.5], "texture": "#12"},
				"west": {"uv": [0.5, 8.5, 1, 9], "texture": "#12"},
				"up": {"uv": [9, 1, 8.5, 0.5], "texture": "#12"},
				"down": {"uv": [1.5, 8.5, 1, 9], "texture": "#12"}
			}
		},
		{
			"from": [10.50826, 1.6059, 11.25],
			"to": [11.50826, 2.6059, 12.25],
			"rotation": {"angle": 45, "axis": "z", "origin": [11.25826, 2.3559, 3.5]},
			"faces": {
				"north": {"uv": [8.5, 1, 9, 1.5], "texture": "#12"},
				"east": {"uv": [1.5, 8.5, 2, 9], "texture": "#12"},
				"south": {"uv": [8.5, 1.5, 9, 2], "texture": "#12"},
				"west": {"uv": [2, 8.5, 2.5, 9], "texture": "#12"},
				"up": {"uv": [3, 9, 2.5, 8.5], "texture": "#12"},
				"down": {"uv": [3.5, 8.5, 3, 9], "texture": "#12"}
			}
		},
		{
			"from": [10.50826, 2.6059, 11.25],
			"to": [11.50826, 3.6059, 12.25],
			"rotation": {"angle": 45, "axis": "z", "origin": [11.25826, 2.3559, 3.5]},
			"faces": {
				"north": {"uv": [3.5, 8.5, 4, 9], "texture": "#12"},
				"east": {"uv": [4, 8.5, 4.5, 9], "texture": "#12"},
				"south": {"uv": [8.5, 4, 9, 4.5], "texture": "#12"},
				"west": {"uv": [4.5, 8.5, 5, 9], "texture": "#12"},
				"up": {"uv": [9, 5, 8.5, 4.5], "texture": "#12"},
				"down": {"uv": [5.5, 8.5, 5, 9], "texture": "#12"}
			}
		},
		{
			"from": [7.50826, 5.6059, 11.25],
			"to": [8.50826, 6.6059, 12.25],
			"rotation": {"angle": 45, "axis": "z", "origin": [11.25826, 2.3559, 3.5]},
			"faces": {
				"north": {"uv": [8.5, 5, 9, 5.5], "texture": "#12"},
				"east": {"uv": [5.5, 8.5, 6, 9], "texture": "#12"},
				"south": {"uv": [8.5, 5.5, 9, 6], "texture": "#12"},
				"west": {"uv": [6, 8.5, 6.5, 9], "texture": "#12"},
				"up": {"uv": [9, 6.5, 8.5, 6], "texture": "#12"},
				"down": {"uv": [7, 8.5, 6.5, 9], "texture": "#12"}
			}
		},
		{
			"from": [6.50826, 5.6059, 11.25],
			"to": [7.50826, 6.6059, 12.25],
			"rotation": {"angle": 45, "axis": "z", "origin": [11.25826, 2.3559, 3.5]},
			"faces": {
				"north": {"uv": [8.5, 6.5, 9, 7], "texture": "#12"},
				"east": {"uv": [7, 8.5, 7.5, 9], "texture": "#12"},
				"south": {"uv": [8.5, 7, 9, 7.5], "texture": "#12"},
				"west": {"uv": [7.5, 8.5, 8, 9], "texture": "#12"},
				"up": {"uv": [9, 8, 8.5, 7.5], "texture": "#12"},
				"down": {"uv": [8.5, 8.5, 8, 9], "texture": "#12"}
			}
		},
		{
			"from": [6.50826, 6.6059, 11.25],
			"to": [7.50826, 7.6059, 12.25],
			"rotation": {"angle": 45, "axis": "z", "origin": [11.25826, 2.3559, 3.5]},
			"faces": {
				"north": {"uv": [8.5, 8, 9, 8.5], "texture": "#12"},
				"east": {"uv": [8.5, 8.5, 9, 9], "texture": "#12"},
				"south": {"uv": [0, 9, 0.5, 9.5], "texture": "#12"},
				"west": {"uv": [9, 0, 9.5, 0.5], "texture": "#12"},
				"up": {"uv": [1, 9.5, 0.5, 9], "texture": "#12"},
				"down": {"uv": [9.5, 0.5, 9, 1], "texture": "#12"}
			}
		},
		{
			"from": [12.25, 2.813, 8.25],
			"to": [13.25, 3.813, 9.25],
			"rotation": {"angle": -45, "axis": "x", "origin": [12.42984, 3.063, 7.5]},
			"faces": {
				"north": {"uv": [1, 9, 1.5, 9.5], "texture": "#12"},
				"east": {"uv": [9, 1, 9.5, 1.5], "texture": "#12"},
				"south": {"uv": [1.5, 9, 2, 9.5], "texture": "#12"},
				"west": {"uv": [9, 1.5, 9.5, 2], "texture": "#12"},
				"up": {"uv": [2.5, 9.5, 2, 9], "texture": "#12"},
				"down": {"uv": [9.5, 2, 9, 2.5], "texture": "#12"}
			}
		},
		{
			"from": [12.25, 2.813, 7.25],
			"to": [13.25, 3.813, 8.25],
			"rotation": {"angle": -45, "axis": "x", "origin": [12.42984, 3.063, 7.5]},
			"faces": {
				"north": {"uv": [2.5, 9, 3, 9.5], "texture": "#12"},
				"east": {"uv": [9, 2.5, 9.5, 3], "texture": "#12"},
				"south": {"uv": [3, 9, 3.5, 9.5], "texture": "#12"},
				"west": {"uv": [9, 3, 9.5, 3.5], "texture": "#12"},
				"up": {"uv": [4, 9.5, 3.5, 9], "texture": "#12"},
				"down": {"uv": [9.5, 3.5, 9, 4], "texture": "#12"}
			}
		},
		{
			"from": [12.25, 3.813, 7.25],
			"to": [13.25, 4.813, 8.25],
			"rotation": {"angle": -45, "axis": "x", "origin": [12.42984, 3.063, 7.5]},
			"faces": {
				"north": {"uv": [4, 9, 4.5, 9.5], "texture": "#12"},
				"east": {"uv": [9, 4, 9.5, 4.5], "texture": "#12"},
				"south": {"uv": [4.5, 9, 5, 9.5], "texture": "#12"},
				"west": {"uv": [9, 4.5, 9.5, 5], "texture": "#12"},
				"up": {"uv": [5.5, 9.5, 5, 9], "texture": "#12"},
				"down": {"uv": [9.5, 5, 9, 5.5], "texture": "#12"}
			}
		},
		{
			"from": [12.25, 2.11529, 6.65151],
			"to": [13.25, 3.11529, 7.65151],
			"rotation": {"angle": -45, "axis": "x", "origin": [12.42984, 3.063, 7.5]},
			"faces": {
				"north": {"uv": [5.5, 9, 6, 9.5], "texture": "#12"},
				"east": {"uv": [9, 5.5, 9.5, 6], "texture": "#12"},
				"south": {"uv": [6, 9, 6.5, 9.5], "texture": "#12"},
				"west": {"uv": [9, 6, 9.5, 6.5], "texture": "#12"},
				"up": {"uv": [7, 9.5, 6.5, 9], "texture": "#12"},
				"down": {"uv": [9.5, 6.5, 9, 7], "texture": "#12"}
			}
		},
		{
			"from": [12.25, -0.187, 9.25],
			"to": [13.25, 0.813, 10.25],
			"rotation": {"angle": -45, "axis": "x", "origin": [12.42984, 3.063, 7.5]},
			"faces": {
				"north": {"uv": [7, 9, 7.5, 9.5], "texture": "#12"},
				"east": {"uv": [9, 7, 9.5, 7.5], "texture": "#12"},
				"south": {"uv": [7.5, 9, 8, 9.5], "texture": "#12"},
				"west": {"uv": [9, 7.5, 9.5, 8], "texture": "#12"},
				"up": {"uv": [8.5, 9.5, 8, 9], "texture": "#12"},
				"down": {"uv": [9.5, 8, 9, 8.5], "texture": "#12"}
			}
		},
		{
			"from": [12.25, -0.187, 8.25],
			"to": [13.25, 0.813, 9.25],
			"rotation": {"angle": -45, "axis": "x", "origin": [12.42984, 3.063, 7.5]},
			"faces": {
				"north": {"uv": [8.5, 9, 9, 9.5], "texture": "#12"},
				"east": {"uv": [9, 8.5, 9.5, 9], "texture": "#12"},
				"south": {"uv": [9, 9, 9.5, 9.5], "texture": "#12"},
				"west": {"uv": [0, 9.5, 0.5, 10], "texture": "#12"},
				"up": {"uv": [10, 0.5, 9.5, 0], "texture": "#12"},
				"down": {"uv": [1, 9.5, 0.5, 10], "texture": "#12"}
			}
		},
		{
			"from": [12.25, 0.813, 8.25],
			"to": [13.25, 1.813, 9.25],
			"rotation": {"angle": -45, "axis": "x", "origin": [12.42984, 3.063, 7.5]},
			"faces": {
				"north": {"uv": [9.5, 0.5, 10, 1], "texture": "#12"},
				"east": {"uv": [1, 9.5, 1.5, 10], "texture": "#12"},
				"south": {"uv": [9.5, 1, 10, 1.5], "texture": "#12"},
				"west": {"uv": [1.5, 9.5, 2, 10], "texture": "#12"},
				"up": {"uv": [10, 2, 9.5, 1.5], "texture": "#12"},
				"down": {"uv": [2.5, 9.5, 2, 10], "texture": "#12"}
			}
		},
		{
			"from": [12.25, 3.813, 5.25],
			"to": [13.25, 4.813, 6.25],
			"rotation": {"angle": -45, "axis": "x", "origin": [12.42984, 3.063, 7.5]},
			"faces": {
				"north": {"uv": [9.5, 2, 10, 2.5], "texture": "#12"},
				"east": {"uv": [2.5, 9.5, 3, 10], "texture": "#12"},
				"south": {"uv": [9.5, 2.5, 10, 3], "texture": "#12"},
				"west": {"uv": [3, 9.5, 3.5, 10], "texture": "#12"},
				"up": {"uv": [10, 3.5, 9.5, 3], "texture": "#12"},
				"down": {"uv": [4, 9.5, 3.5, 10], "texture": "#12"}
			}
		},
		{
			"from": [12.25, 3.813, 4.25],
			"to": [13.25, 4.813, 5.25],
			"rotation": {"angle": -45, "axis": "x", "origin": [12.42984, 3.063, 7.5]},
			"faces": {
				"north": {"uv": [9.5, 3.5, 10, 4], "texture": "#12"},
				"east": {"uv": [4, 9.5, 4.5, 10], "texture": "#12"},
				"south": {"uv": [9.5, 4, 10, 4.5], "texture": "#12"},
				"west": {"uv": [4.5, 9.5, 5, 10], "texture": "#12"},
				"up": {"uv": [10, 5, 9.5, 4.5], "texture": "#12"},
				"down": {"uv": [5.5, 9.5, 5, 10], "texture": "#12"}
			}
		},
		{
			"from": [12.25, 4.813, 4.25],
			"to": [13.25, 5.813, 5.25],
			"rotation": {"angle": -45, "axis": "x", "origin": [12.42984, 3.063, 7.5]},
			"faces": {
				"north": {"uv": [9.5, 5, 10, 5.5], "texture": "#12"},
				"east": {"uv": [5.5, 9.5, 6, 10], "texture": "#12"},
				"south": {"uv": [9.5, 5.5, 10, 6], "texture": "#12"},
				"west": {"uv": [6, 9.5, 6.5, 10], "texture": "#12"},
				"up": {"uv": [10, 6.5, 9.5, 6], "texture": "#12"},
				"down": {"uv": [7, 9.5, 6.5, 10], "texture": "#12"}
			}
		},
		{
			"from": [3.75, 2.813, 8.25],
			"to": [4.75, 3.813, 9.25],
			"rotation": {"angle": -45, "axis": "x", "origin": [12.42984, 3.063, 7.5]},
			"faces": {
				"north": {"uv": [9.5, 6.5, 10, 7], "texture": "#12"},
				"east": {"uv": [7, 9.5, 7.5, 10], "texture": "#12"},
				"south": {"uv": [9.5, 7, 10, 7.5], "texture": "#12"},
				"west": {"uv": [7.5, 9.5, 8, 10], "texture": "#12"},
				"up": {"uv": [10, 8, 9.5, 7.5], "texture": "#12"},
				"down": {"uv": [8.5, 9.5, 8, 10], "texture": "#12"}
			}
		},
		{
			"from": [3.75, 2.813, 7.25],
			"to": [4.75, 3.813, 8.25],
			"rotation": {"angle": -45, "axis": "x", "origin": [12.42984, 3.063, 7.5]},
			"faces": {
				"north": {"uv": [9.5, 8, 10, 8.5], "texture": "#12"},
				"east": {"uv": [8.5, 9.5, 9, 10], "texture": "#12"},
				"south": {"uv": [9.5, 8.5, 10, 9], "texture": "#12"},
				"west": {"uv": [9, 9.5, 9.5, 10], "texture": "#12"},
				"up": {"uv": [10, 9.5, 9.5, 9], "texture": "#12"},
				"down": {"uv": [10, 9.5, 9.5, 10], "texture": "#12"}
			}
		},
		{
			"from": [3.75, 3.813, 7.25],
			"to": [4.75, 4.813, 8.25],
			"rotation": {"angle": -45, "axis": "x", "origin": [12.42984, 3.063, 7.5]},
			"faces": {
				"north": {"uv": [0, 10, 0.5, 10.5], "texture": "#12"},
				"east": {"uv": [10, 0, 10.5, 0.5], "texture": "#12"},
				"south": {"uv": [0.5, 10, 1, 10.5], "texture": "#12"},
				"west": {"uv": [10, 0.5, 10.5, 1], "texture": "#12"},
				"up": {"uv": [1.5, 10.5, 1, 10], "texture": "#12"},
				"down": {"uv": [10.5, 1, 10, 1.5], "texture": "#12"}
			}
		},
		{
			"from": [3.75, 2.11529, 6.65151],
			"to": [4.75, 3.11529, 7.65151],
			"rotation": {"angle": -45, "axis": "x", "origin": [12.42984, 3.063, 7.5]},
			"faces": {
				"north": {"uv": [1.5, 10, 2, 10.5], "texture": "#12"},
				"east": {"uv": [10, 1.5, 10.5, 2], "texture": "#12"},
				"south": {"uv": [2, 10, 2.5, 10.5], "texture": "#12"},
				"west": {"uv": [10, 2, 10.5, 2.5], "texture": "#12"},
				"up": {"uv": [3, 10.5, 2.5, 10], "texture": "#12"},
				"down": {"uv": [10.5, 2.5, 10, 3], "texture": "#12"}
			}
		},
		{
			"from": [3.75, -0.187, 9.25],
			"to": [4.75, 0.813, 10.25],
			"rotation": {"angle": -45, "axis": "x", "origin": [12.42984, 3.063, 7.5]},
			"faces": {
				"north": {"uv": [3, 10, 3.5, 10.5], "texture": "#12"},
				"east": {"uv": [10, 3, 10.5, 3.5], "texture": "#12"},
				"south": {"uv": [3.5, 10, 4, 10.5], "texture": "#12"},
				"west": {"uv": [10, 3.5, 10.5, 4], "texture": "#12"},
				"up": {"uv": [4.5, 10.5, 4, 10], "texture": "#12"},
				"down": {"uv": [10.5, 4, 10, 4.5], "texture": "#12"}
			}
		},
		{
			"from": [3.75, -0.187, 8.25],
			"to": [4.75, 0.813, 9.25],
			"rotation": {"angle": -45, "axis": "x", "origin": [12.42984, 3.063, 7.5]},
			"faces": {
				"north": {"uv": [4.5, 10, 5, 10.5], "texture": "#12"},
				"east": {"uv": [10, 4.5, 10.5, 5], "texture": "#12"},
				"south": {"uv": [5, 10, 5.5, 10.5], "texture": "#12"},
				"west": {"uv": [10, 5, 10.5, 5.5], "texture": "#12"},
				"up": {"uv": [6, 10.5, 5.5, 10], "texture": "#12"},
				"down": {"uv": [10.5, 5.5, 10, 6], "texture": "#12"}
			}
		},
		{
			"from": [3.75, 0.813, 8.25],
			"to": [4.75, 1.813, 9.25],
			"rotation": {"angle": -45, "axis": "x", "origin": [12.42984, 3.063, 7.5]},
			"faces": {
				"north": {"uv": [6, 10, 6.5, 10.5], "texture": "#12"},
				"east": {"uv": [10, 6, 10.5, 6.5], "texture": "#12"},
				"south": {"uv": [6.5, 10, 7, 10.5], "texture": "#12"},
				"west": {"uv": [10, 6.5, 10.5, 7], "texture": "#12"},
				"up": {"uv": [7.5, 10.5, 7, 10], "texture": "#12"},
				"down": {"uv": [10.5, 7, 10, 7.5], "texture": "#12"}
			}
		},
		{
			"from": [3.75, 3.813, 5.25],
			"to": [4.75, 4.813, 6.25],
			"rotation": {"angle": -45, "axis": "x", "origin": [12.42984, 3.063, 7.5]},
			"faces": {
				"north": {"uv": [7.5, 10, 8, 10.5], "texture": "#12"},
				"east": {"uv": [10, 7.5, 10.5, 8], "texture": "#12"},
				"south": {"uv": [8, 10, 8.5, 10.5], "texture": "#12"},
				"west": {"uv": [10, 8, 10.5, 8.5], "texture": "#12"},
				"up": {"uv": [9, 10.5, 8.5, 10], "texture": "#12"},
				"down": {"uv": [10.5, 8.5, 10, 9], "texture": "#12"}
			}
		},
		{
			"from": [3.75, 3.813, 4.25],
			"to": [4.75, 4.813, 5.25],
			"rotation": {"angle": -45, "axis": "x", "origin": [12.42984, 3.063, 7.5]},
			"faces": {
				"north": {"uv": [9, 10, 9.5, 10.5], "texture": "#12"},
				"east": {"uv": [10, 9, 10.5, 9.5], "texture": "#12"},
				"south": {"uv": [9.5, 10, 10, 10.5], "texture": "#12"},
				"west": {"uv": [10, 9.5, 10.5, 10], "texture": "#12"},
				"up": {"uv": [10.5, 10.5, 10, 10], "texture": "#12"},
				"down": {"uv": [0.5, 10.5, 0, 11], "texture": "#12"}
			}
		},
		{
			"from": [3.75, 4.813, 4.25],
			"to": [4.75, 5.813, 5.25],
			"rotation": {"angle": -45, "axis": "x", "origin": [12.42984, 3.063, 7.5]},
			"faces": {
				"north": {"uv": [10.5, 0, 11, 0.5], "texture": "#12"},
				"east": {"uv": [0.5, 10.5, 1, 11], "texture": "#12"},
				"south": {"uv": [10.5, 0.5, 11, 1], "texture": "#12"},
				"west": {"uv": [1, 10.5, 1.5, 11], "texture": "#12"},
				"up": {"uv": [11, 1.5, 10.5, 1], "texture": "#12"},
				"down": {"uv": [2, 10.5, 1.5, 11], "texture": "#12"}
			}
		},
		{
			"from": [8.67984, 3.02011, 2.75],
			"to": [9.67984, 4.02011, 3.75],
			"rotation": {"angle": 45, "axis": "z", "origin": [8.42984, 3.77011, 3.5]},
			"faces": {
				"north": {"uv": [2.5, 7.5, 3, 8], "texture": "#12"},
				"east": {"uv": [3, 7.5, 3.5, 8], "texture": "#12"},
				"south": {"uv": [3.5, 7.5, 4, 8], "texture": "#12"},
				"west": {"uv": [4, 7.5, 4.5, 8], "texture": "#12"},
				"up": {"uv": [8, 4.5, 7.5, 4], "texture": "#12"},
				"down": {"uv": [5, 7.5, 4.5, 8], "texture": "#12"}
			}
		},
		{
			"from": [7.67984, 3.02011, 2.75],
			"to": [8.67984, 4.02011, 3.75],
			"rotation": {"angle": 45, "axis": "z", "origin": [8.42984, 3.77011, 3.5]},
			"faces": {
				"north": {"uv": [7.5, 4.5, 8, 5], "texture": "#12"},
				"east": {"uv": [5, 7.5, 5.5, 8], "texture": "#12"},
				"south": {"uv": [7.5, 5, 8, 5.5], "texture": "#12"},
				"west": {"uv": [5.5, 7.5, 6, 8], "texture": "#12"},
				"up": {"uv": [8, 6, 7.5, 5.5], "texture": "#12"},
				"down": {"uv": [6.5, 7.5, 6, 8], "texture": "#12"}
			}
		},
		{
			"from": [7.67984, 4.02011, 2.75],
			"to": [8.67984, 5.02011, 3.75],
			"rotation": {"angle": 45, "axis": "z", "origin": [8.42984, 3.77011, 3.5]},
			"faces": {
				"north": {"uv": [7.5, 6, 8, 6.5], "texture": "#12"},
				"east": {"uv": [6.5, 7.5, 7, 8], "texture": "#12"},
				"south": {"uv": [7.5, 6.5, 8, 7], "texture": "#12"},
				"west": {"uv": [7, 7.5, 7.5, 8], "texture": "#12"},
				"up": {"uv": [8, 7.5, 7.5, 7], "texture": "#12"},
				"down": {"uv": [8, 7.5, 7.5, 8], "texture": "#12"}
			}
		},
		{
			"from": [8, 2, 2.75],
			"to": [9, 3, 3.75],
			"rotation": {"angle": 45, "axis": "z", "origin": [8.5, 2.5, 3.5]},
			"faces": {
				"north": {"uv": [2, 6, 2.5, 6.5], "texture": "#12"},
				"east": {"uv": [2.5, 6, 3, 6.5], "texture": "#12"},
				"south": {"uv": [3, 6, 3.5, 6.5], "texture": "#12"},
				"west": {"uv": [3.5, 6, 4, 6.5], "texture": "#12"},
				"up": {"uv": [4.5, 6.5, 4, 6], "texture": "#12"},
				"down": {"uv": [5, 6, 4.5, 6.5], "texture": "#12"}
			}
		},
		{
			"from": [11.50826, 1.6059, 2.75],
			"to": [12.50826, 2.6059, 3.75],
			"rotation": {"angle": 45, "axis": "z", "origin": [11.25826, 2.3559, 3.5]},
			"faces": {
				"north": {"uv": [5, 6, 5.5, 6.5], "texture": "#12"},
				"east": {"uv": [6, 5, 6.5, 5.5], "texture": "#12"},
				"south": {"uv": [5.5, 6, 6, 6.5], "texture": "#12"},
				"west": {"uv": [6, 5.5, 6.5, 6], "texture": "#12"},
				"up": {"uv": [6.5, 6.5, 6, 6], "texture": "#12"},
				"down": {"uv": [2.5, 6.5, 2, 7], "texture": "#12"}
			}
		},
		{
			"from": [10.50826, 1.6059, 2.75],
			"to": [11.50826, 2.6059, 3.75],
			"rotation": {"angle": 45, "axis": "z", "origin": [11.25826, 2.3559, 3.5]},
			"faces": {
				"north": {"uv": [2.5, 6.5, 3, 7], "texture": "#12"},
				"east": {"uv": [3, 6.5, 3.5, 7], "texture": "#12"},
				"south": {"uv": [3.5, 6.5, 4, 7], "texture": "#12"},
				"west": {"uv": [4, 6.5, 4.5, 7], "texture": "#12"},
				"up": {"uv": [5, 7, 4.5, 6.5], "texture": "#12"},
				"down": {"uv": [5.5, 6.5, 5, 7], "texture": "#12"}
			}
		},
		{
			"from": [10.50826, 2.6059, 2.75],
			"to": [11.50826, 3.6059, 3.75],
			"rotation": {"angle": 45, "axis": "z", "origin": [11.25826, 2.3559, 3.5]},
			"faces": {
				"north": {"uv": [6.5, 5, 7, 5.5], "texture": "#12"},
				"east": {"uv": [5.5, 6.5, 6, 7], "texture": "#12"},
				"south": {"uv": [6.5, 5.5, 7, 6], "texture": "#12"},
				"west": {"uv": [6, 6.5, 6.5, 7], "texture": "#12"},
				"up": {"uv": [7, 6.5, 6.5, 6], "texture": "#12"},
				"down": {"uv": [7, 6.5, 6.5, 7], "texture": "#12"}
			}
		},
		{
			"from": [7.50826, 5.6059, 2.75],
			"to": [8.50826, 6.6059, 3.75],
			"rotation": {"angle": 45, "axis": "z", "origin": [11.25826, 2.3559, 3.5]},
			"faces": {
				"north": {"uv": [2, 7, 2.5, 7.5], "texture": "#12"},
				"east": {"uv": [2.5, 7, 3, 7.5], "texture": "#12"},
				"south": {"uv": [3, 7, 3.5, 7.5], "texture": "#12"},
				"west": {"uv": [3.5, 7, 4, 7.5], "texture": "#12"},
				"up": {"uv": [4.5, 7.5, 4, 7], "texture": "#12"},
				"down": {"uv": [7.5, 4, 7, 4.5], "texture": "#12"}
			}
		},
		{
			"from": [6.50826, 5.6059, 2.75],
			"to": [7.50826, 6.6059, 3.75],
			"rotation": {"angle": 45, "axis": "z", "origin": [11.25826, 2.3559, 3.5]},
			"faces": {
				"north": {"uv": [4.5, 7, 5, 7.5], "texture": "#12"},
				"east": {"uv": [7, 4.5, 7.5, 5], "texture": "#12"},
				"south": {"uv": [5, 7, 5.5, 7.5], "texture": "#12"},
				"west": {"uv": [7, 5, 7.5, 5.5], "texture": "#12"},
				"up": {"uv": [6, 7.5, 5.5, 7], "texture": "#12"},
				"down": {"uv": [7.5, 5.5, 7, 6], "texture": "#12"}
			}
		},
		{
			"from": [6.50826, 6.6059, 2.75],
			"to": [7.50826, 7.6059, 3.75],
			"rotation": {"angle": 45, "axis": "z", "origin": [11.25826, 2.3559, 3.5]},
			"faces": {
				"north": {"uv": [6, 7, 6.5, 7.5], "texture": "#12"},
				"east": {"uv": [7, 6, 7.5, 6.5], "texture": "#12"},
				"south": {"uv": [6.5, 7, 7, 7.5], "texture": "#12"},
				"west": {"uv": [7, 6.5, 7.5, 7], "texture": "#12"},
				"up": {"uv": [7.5, 7.5, 7, 7], "texture": "#12"},
				"down": {"uv": [2.5, 7.5, 2, 8], "texture": "#12"}
			}
		},
		{
			"from": [4, 0, 3],
			"to": [13, 2, 4],
			"faces": {
				"north": {"uv": [0, 0, 4.5, 1], "texture": "#12"},
				"east": {"uv": [2, 5, 2.5, 6], "texture": "#12"},
				"south": {"uv": [0, 1, 4.5, 2], "texture": "#12"},
				"west": {"uv": [2.5, 5, 3, 6], "texture": "#12"},
				"up": {"uv": [9, 2.5, 4.5, 2], "texture": "#12"},
				"down": {"uv": [9, 2.5, 4.5, 3], "texture": "#12"}
			}
		},
		{
			"from": [12, 0, 4],
			"to": [13, 2, 11],
			"faces": {
				"north": {"uv": [5, 5, 5.5, 6], "texture": "#12"},
				"east": {"uv": [4.5, 0, 8, 1], "texture": "#12"},
				"south": {"uv": [5.5, 5, 6, 6], "texture": "#12"},
				"west": {"uv": [4.5, 1, 8, 2], "texture": "#12"},
				"up": {"uv": [1.5, 8.5, 1, 5], "texture": "#12"},
				"down": {"uv": [2, 5, 1.5, 8.5], "texture": "#12"}
			}
		},
		{
			"from": [4, 0, 4],
			"to": [5, 2, 11],
			"faces": {
				"north": {"uv": [3, 5, 3.5, 6], "texture": "#12"},
				"east": {"uv": [0, 4, 3.5, 5], "texture": "#12"},
				"south": {"uv": [3.5, 5, 4, 6], "texture": "#12"},
				"west": {"uv": [3.5, 4, 7, 5], "texture": "#12"},
				"up": {"uv": [0.5, 8.5, 0, 5], "texture": "#12"},
				"down": {"uv": [1, 5, 0.5, 8.5], "texture": "#12"}
			}
		},
		{
			"from": [4, 0, 11],
			"to": [13, 2, 12],
			"faces": {
				"north": {"uv": [0, 2, 4.5, 3], "texture": "#12"},
				"east": {"uv": [4, 5, 4.5, 6], "texture": "#12"},
				"south": {"uv": [0, 3, 4.5, 4], "texture": "#12"},
				"west": {"uv": [4.5, 5, 5, 6], "texture": "#12"},
				"up": {"uv": [9, 3.5, 4.5, 3], "texture": "#12"},
				"down": {"uv": [9, 3.5, 4.5, 4], "texture": "#12"}
			}
		}
	],
	"display": {
		"thirdperson_righthand": {
			"translation": [0, 4.5, 0],
			"scale": [0.8, 0.8, 0.8]
		},
		"head": {
			"translation": [-1, 14.5, 0.75],
			"scale": [1.7, 1.7, 1.7]
		}
	},
	"groups": [
		{
			"name": "big hearts",
			"origin": [0, 0, 0],
			"color": 0,
			"children": [
				{
					"name": "heart south",
					"origin": [0, 0, 0],
					"color": 0,
					"children": [
						{
							"name": "group",
							"origin": [0, 0, 0],
							"color": 0,
							"children": [0, 1, 2, 3]
						},
						{
							"name": "group",
							"origin": [0, 0, 0],
							"color": 0,
							"children": [4, 5, 6]
						},
						{
							"name": "group",
							"origin": [0, 0, 0],
							"color": 0,
							"children": [7, 8, 9]
						}
					]
				},
				{
					"name": "left",
					"origin": [0, 0, 0],
					"color": 0,
					"children": [
						{
							"name": "group",
							"origin": [0, 0, 0],
							"color": 0,
							"children": [10, 11, 12, 13]
						},
						{
							"name": "group",
							"origin": [0, 0, 0],
							"color": 0,
							"children": [14, 15, 16]
						},
						{
							"name": "group",
							"origin": [0, 0, 0],
							"color": 0,
							"children": [17, 18, 19]
						}
					]
				},
				{
					"name": "right",
					"origin": [0, 0, 0],
					"color": 0,
					"children": [
						{
							"name": "group",
							"origin": [0, 0, 0],
							"color": 0,
							"children": [20, 21, 22, 23]
						},
						{
							"name": "group",
							"origin": [0, 0, 0],
							"color": 0,
							"children": [24, 25, 26]
						},
						{
							"name": "group",
							"origin": [0, 0, 0],
							"color": 0,
							"children": [27, 28, 29]
						}
					]
				},
				{
					"name": "north",
					"origin": [0, 0, 0],
					"color": 0,
					"children": [
						{
							"name": "group",
							"origin": [0, 0, 0],
							"color": 0,
							"children": [30, 31, 32, 33]
						},
						{
							"name": "group",
							"origin": [0, 0, 0],
							"color": 0,
							"children": [34, 35, 36]
						},
						{
							"name": "group",
							"origin": [0, 0, 0],
							"color": 0,
							"children": [37, 38, 39]
						}
					]
				}
			]
		},
		{
			"name": "base",
			"origin": [0, 0, 0],
			"color": 0,
			"children": [40, 41, 42, 43]
		}
	]
}
