{
	"credit": "Made with Blockbench",
	"textures": {
		"2": "cookie:item/heart_glasses"
	},
	"elements": [
		{
			"from": [2.51562, 0.74498, 4],
			"to": [5.51562, 3.74498, 5],
			"rotation": {"angle": 45, "axis": "z", "origin": [4.01562, 2.24498, 4.5]},
			"faces": {
				"north": {"uv": [0, 0, 3, 3], "texture": "#2"},
				"east": {"uv": [9, 7, 10, 10], "texture": "#2"},
				"south": {"uv": [0, 3, 3, 6], "texture": "#2"},
				"west": {"uv": [0, 10, 1, 13], "texture": "#2"},
				"up": {"uv": [13, 3, 10, 2], "texture": "#2"},
				"down": {"uv": [13, 3, 10, 4], "texture": "#2"}
			}
		},
		{
			"from": [4.2, 3.2, 4],
			"to": [7.2, 5.2, 5],
			"rotation": {"angle": -45, "axis": "z", "origin": [5.5, 4, 4.5]},
			"faces": {
				"north": {"uv": [0, 6, 3, 8], "texture": "#2"},
				"east": {"uv": [10, 12, 11, 14], "texture": "#2"},
				"south": {"uv": [6, 0, 9, 2], "texture": "#2"},
				"west": {"uv": [11, 12, 12, 14], "texture": "#2"},
				"up": {"uv": [13, 5, 10, 4], "texture": "#2"},
				"down": {"uv": [13, 7, 10, 8], "texture": "#2"}
			}
		},
		{
			"from": [0.4, 3.3, 4],
			"to": [2.4, 6.3, 5],
			"rotation": {"angle": -45, "axis": "z", "origin": [0.8331, 3.29289, 4.5]},
			"faces": {
				"north": {"uv": [6, 2, 8, 5], "texture": "#2"},
				"east": {"uv": [1, 10, 2, 13], "texture": "#2"},
				"south": {"uv": [3, 6, 5, 9], "texture": "#2"},
				"west": {"uv": [2, 10, 3, 13], "texture": "#2"},
				"up": {"uv": [14, 6, 12, 5], "texture": "#2"},
				"down": {"uv": [14, 12, 12, 13], "texture": "#2"}
			}
		},
		{
			"from": [10.51562, 0.74498, 4],
			"to": [13.51562, 3.74498, 5],
			"rotation": {"angle": 45, "axis": "z", "origin": [12.01562, 2.24498, 4.5]},
			"faces": {
				"north": {"uv": [3, 0, 6, 3], "texture": "#2"},
				"east": {"uv": [10, 8, 11, 11], "texture": "#2"},
				"south": {"uv": [3, 3, 6, 6], "texture": "#2"},
				"west": {"uv": [9, 10, 10, 13], "texture": "#2"},
				"up": {"uv": [14, 9, 11, 8], "texture": "#2"},
				"down": {"uv": [14, 9, 11, 10], "texture": "#2"}
			}
		},
		{
			"from": [12.2, 3.2, 4],
			"to": [15.2, 5.2, 5],
			"rotation": {"angle": -45, "axis": "z", "origin": [13.5, 4, 4.5]},
			"faces": {
				"north": {"uv": [5, 6, 8, 8], "texture": "#2"},
				"east": {"uv": [0, 13, 1, 15], "texture": "#2"},
				"south": {"uv": [0, 8, 3, 10], "texture": "#2"},
				"west": {"uv": [1, 13, 2, 15], "texture": "#2"},
				"up": {"uv": [13, 12, 10, 11], "texture": "#2"},
				"down": {"uv": [14, 10, 11, 11], "texture": "#2"}
			}
		},
		{
			"from": [8.4, 3.3, 4],
			"to": [10.4, 6.3, 5],
			"rotation": {"angle": -45, "axis": "z", "origin": [8.8331, 3.29289, 4.5]},
			"faces": {
				"north": {"uv": [8, 2, 10, 5], "texture": "#2"},
				"east": {"uv": [5, 11, 6, 14], "texture": "#2"},
				"south": {"uv": [5, 8, 7, 11], "texture": "#2"},
				"west": {"uv": [6, 11, 7, 14], "texture": "#2"},
				"up": {"uv": [15, 3, 13, 2], "texture": "#2"},
				"down": {"uv": [15, 3, 13, 4], "texture": "#2"}
			}
		},
		{
			"from": [7, 3, 4],
			"to": [9, 4, 5],
			"faces": {
				"north": {"uv": [13, 4, 15, 5], "texture": "#2"},
				"east": {"uv": [10, 14, 11, 15], "texture": "#2"},
				"south": {"uv": [13, 7, 15, 8], "texture": "#2"},
				"west": {"uv": [11, 14, 12, 15], "texture": "#2"},
				"up": {"uv": [10, 14, 8, 13], "texture": "#2"},
				"down": {"uv": [15, 11, 13, 12], "texture": "#2"}
			}
		},
		{
			"from": [0, 3, 4],
			"to": [1, 4, 10],
			"faces": {
				"north": {"uv": [12, 14, 13, 15], "texture": "#2"},
				"east": {"uv": [6, 5, 12, 6], "texture": "#2"},
				"south": {"uv": [14, 12, 15, 13], "texture": "#2"},
				"west": {"uv": [8, 6, 14, 7], "texture": "#2"},
				"up": {"uv": [8, 14, 7, 8], "texture": "#2"},
				"down": {"uv": [9, 7, 8, 13], "texture": "#2"}
			}
		},
		{
			"from": [0, 2, 9],
			"to": [1, 3, 11],
			"faces": {
				"north": {"uv": [14, 14, 15, 15], "texture": "#2"},
				"east": {"uv": [12, 13, 14, 14], "texture": "#2"},
				"south": {"uv": [0, 15, 1, 16], "texture": "#2"},
				"west": {"uv": [5, 14, 7, 15], "texture": "#2"},
				"up": {"uv": [3, 15, 2, 13], "texture": "#2"},
				"down": {"uv": [15, 5, 14, 7], "texture": "#2"}
			}
		},
		{
			"from": [0, 1.2, 10],
			"to": [1, 2.2, 11],
			"rotation": {"angle": 45, "axis": "x", "origin": [0.5, 1.5, 11.5]},
			"faces": {
				"north": {"uv": [15, 1, 16, 2], "texture": "#2"},
				"east": {"uv": [2, 15, 3, 16], "texture": "#2"},
				"south": {"uv": [15, 2, 16, 3], "texture": "#2"},
				"west": {"uv": [3, 15, 4, 16], "texture": "#2"},
				"up": {"uv": [16, 4, 15, 3], "texture": "#2"},
				"down": {"uv": [5, 15, 4, 16], "texture": "#2"}
			}
		},
		{
			"from": [15, 1.2, 10],
			"to": [16, 2.2, 11],
			"rotation": {"angle": 45, "axis": "x", "origin": [0.5, 1.5, 11.5]},
			"faces": {
				"north": {"uv": [15, 4, 16, 5], "texture": "#2"},
				"east": {"uv": [5, 15, 6, 16], "texture": "#2"},
				"south": {"uv": [15, 5, 16, 6], "texture": "#2"},
				"west": {"uv": [6, 15, 7, 16], "texture": "#2"},
				"up": {"uv": [16, 7, 15, 6], "texture": "#2"},
				"down": {"uv": [8, 15, 7, 16], "texture": "#2"}
			}
		},
		{
			"from": [15, 2, 9],
			"to": [16, 3, 11],
			"faces": {
				"north": {"uv": [15, 0, 16, 1], "texture": "#2"},
				"east": {"uv": [7, 14, 9, 15], "texture": "#2"},
				"south": {"uv": [1, 15, 2, 16], "texture": "#2"},
				"west": {"uv": [14, 8, 16, 9], "texture": "#2"},
				"up": {"uv": [10, 16, 9, 14], "texture": "#2"},
				"down": {"uv": [15, 9, 14, 11], "texture": "#2"}
			}
		},
		{
			"from": [15, 3, 4],
			"to": [16, 4, 10],
			"faces": {
				"north": {"uv": [13, 14, 14, 15], "texture": "#2"},
				"east": {"uv": [9, 0, 15, 1], "texture": "#2"},
				"south": {"uv": [14, 13, 15, 14], "texture": "#2"},
				"west": {"uv": [9, 1, 15, 2], "texture": "#2"},
				"up": {"uv": [4, 15, 3, 9], "texture": "#2"},
				"down": {"uv": [5, 9, 4, 15], "texture": "#2"}
			}
		},
		{
			"from": [15, 3, 3.7],
			"to": [16, 4, 4.7],
			"rotation": {"angle": -45, "axis": "z", "origin": [15.5, 3.5, 3.5]},
			"faces": {
				"north": {"uv": [15, 7, 16, 8], "texture": "#2"},
				"east": {"uv": [8, 15, 9, 16], "texture": "#2"},
				"south": {"uv": [15, 9, 16, 10], "texture": "#2"},
				"west": {"uv": [10, 15, 11, 16], "texture": "#2"},
				"up": {"uv": [16, 11, 15, 10], "texture": "#2"},
				"down": {"uv": [12, 15, 11, 16], "texture": "#2"}
			}
		},
		{
			"from": [0, 3, 3.7],
			"to": [1, 4, 4.7],
			"rotation": {"angle": -45, "axis": "z", "origin": [0.5, 3.5, 4.5]},
			"faces": {
				"north": {"uv": [15, 11, 16, 12], "texture": "#2"},
				"east": {"uv": [12, 15, 13, 16], "texture": "#2"},
				"south": {"uv": [15, 12, 16, 13], "texture": "#2"},
				"west": {"uv": [13, 15, 14, 16], "texture": "#2"},
				"up": {"uv": [16, 14, 15, 13], "texture": "#2"},
				"down": {"uv": [15, 15, 14, 16], "texture": "#2"}
			}
		}
	],
	"display": {
		"thirdperson_righthand": {
			"translation": [0, 2.75, 1],
			"scale": [0.53, 0.53, 0.53]
		},
		"ground": {
			"scale": [0.5, 0.5, 0.5]
		},
		"head": {
			"translation": [0, 4, -3.75]
		}
	},
	"groups": [
		{
			"name": "group",
			"origin": [8, 8, 8],
			"color": 0,
			"children": [0, 1, 2]
		},
		{
			"name": "group",
			"origin": [8, 8, 8],
			"color": 0,
			"children": [3, 4, 5]
		},
		6,
		7,
		8,
		9,
		10,
		11,
		12,
		13,
		14
	]
}
