{
	"credit": "Made with Blockbench",
	"texture_size": [32, 32],
	"textures": {
		"0": "cookie:item/mushroom_plushie",
		"particle": "cookie:item/mushroom_plushie"
	},
	"elements": [
		{
			"from": [6.5, 0, 7],
			"to": [9.5, 6, 10],
			"faces": {
				"north": {"uv": [0, 0, 1.5, 3], "texture": "#0"},
				"east": {"uv": [1.5, 0, 3, 3], "texture": "#0"},
				"south": {"uv": [0, 3, 1.5, 6], "texture": "#0"},
				"west": {"uv": [3, 0, 4.5, 3], "texture": "#0"},
				"up": {"uv": [3, 4.5, 1.5, 3], "texture": "#0"},
				"down": {"uv": [4.5, 3, 3, 4.5], "texture": "#0"}
			}
		},
		{
			"from": [8.5, 6, 8],
			"to": [9.5, 7, 9],
			"faces": {
				"north": {"uv": [8.5, 3, 9, 3.5], "texture": "#0"},
				"east": {"uv": [3.5, 8.5, 4, 9], "texture": "#0"},
				"south": {"uv": [8.5, 3.5, 9, 4], "texture": "#0"},
				"west": {"uv": [4, 8.5, 4.5, 9], "texture": "#0"},
				"up": {"uv": [9, 4.5, 8.5, 4], "texture": "#0"},
				"down": {"uv": [5, 8.5, 4.5, 9], "texture": "#0"}
			}
		},
		{
			"from": [6.5, 6, 8],
			"to": [7.5, 7, 9],
			"faces": {
				"north": {"uv": [8.5, 5, 9, 5.5], "texture": "#0"},
				"east": {"uv": [5.5, 8.5, 6, 9], "texture": "#0"},
				"south": {"uv": [8.5, 5.5, 9, 6], "texture": "#0"},
				"west": {"uv": [6, 8.5, 6.5, 9], "texture": "#0"},
				"up": {"uv": [9, 6.5, 8.5, 6], "texture": "#0"},
				"down": {"uv": [7, 8.5, 6.5, 9], "texture": "#0"}
			}
		},
		{
			"from": [6.5, 6, 7],
			"to": [7.5, 6.5, 8],
			"faces": {
				"north": {"uv": [8.5, 6.5, 9, 7], "texture": "#0"},
				"east": {"uv": [7, 8.5, 7.5, 9], "texture": "#0"},
				"south": {"uv": [8.5, 7, 9, 7.5], "texture": "#0"},
				"west": {"uv": [7.5, 8.5, 8, 9], "texture": "#0"},
				"up": {"uv": [9, 8, 8.5, 7.5], "texture": "#0"},
				"down": {"uv": [8.5, 8.5, 8, 9], "texture": "#0"}
			}
		},
		{
			"from": [6.5, 6, 9],
			"to": [7.5, 6.5, 10],
			"faces": {
				"north": {"uv": [8.5, 8, 9, 8.5], "texture": "#0"},
				"east": {"uv": [8.5, 8.5, 9, 9], "texture": "#0"},
				"south": {"uv": [0, 9, 0.5, 9.5], "texture": "#0"},
				"west": {"uv": [9, 0, 9.5, 0.5], "texture": "#0"},
				"up": {"uv": [1, 9.5, 0.5, 9], "texture": "#0"},
				"down": {"uv": [9.5, 0.5, 9, 1], "texture": "#0"}
			}
		},
		{
			"from": [8.5, 6, 9],
			"to": [9.5, 6.5, 10],
			"faces": {
				"north": {"uv": [1, 9, 1.5, 9.5], "texture": "#0"},
				"east": {"uv": [9, 1, 9.5, 1.5], "texture": "#0"},
				"south": {"uv": [1.5, 9, 2, 9.5], "texture": "#0"},
				"west": {"uv": [9, 1.5, 9.5, 2], "texture": "#0"},
				"up": {"uv": [2.5, 9.5, 2, 9], "texture": "#0"},
				"down": {"uv": [9.5, 2, 9, 2.5], "texture": "#0"}
			}
		},
		{
			"from": [8.5, 6, 7],
			"to": [9.5, 6.5, 8],
			"faces": {
				"north": {"uv": [2.5, 9, 3, 9.5], "texture": "#0"},
				"east": {"uv": [9, 2.5, 9.5, 3], "texture": "#0"},
				"south": {"uv": [3, 9, 3.5, 9.5], "texture": "#0"},
				"west": {"uv": [9, 3, 9.5, 3.5], "texture": "#0"},
				"up": {"uv": [4, 9.5, 3.5, 9], "texture": "#0"},
				"down": {"uv": [9.5, 3.5, 9, 4], "texture": "#0"}
			}
		},
		{
			"from": [7.5, 6, 7],
			"to": [8.5, 7, 10],
			"faces": {
				"north": {"uv": [8.5, 4.5, 9, 5], "texture": "#0"},
				"east": {"uv": [5, 6.5, 6.5, 7], "texture": "#0"},
				"south": {"uv": [5, 8.5, 5.5, 9], "texture": "#0"},
				"west": {"uv": [6.5, 5, 8, 5.5], "texture": "#0"},
				"up": {"uv": [1.5, 8, 1, 6.5], "texture": "#0"},
				"down": {"uv": [7, 6, 6.5, 7.5], "texture": "#0"}
			}
		},
		{
			"from": [9.5, 1, 8],
			"to": [10.5, 3, 9],
			"faces": {
				"north": {"uv": [5, 7, 5.5, 8], "texture": "#0"},
				"east": {"uv": [5.5, 7, 6, 8], "texture": "#0"},
				"south": {"uv": [6, 7, 6.5, 8], "texture": "#0"},
				"west": {"uv": [7, 6, 7.5, 7], "texture": "#0"},
				"up": {"uv": [4, 8.5, 3.5, 8], "texture": "#0"},
				"down": {"uv": [8.5, 3.5, 8, 4], "texture": "#0"}
			}
		},
		{
			"from": [5.5, 1, 8],
			"to": [6.5, 3, 9],
			"faces": {
				"north": {"uv": [7, 7, 7.5, 8], "texture": "#0"},
				"east": {"uv": [7.5, 0, 8, 1], "texture": "#0"},
				"south": {"uv": [7.5, 1, 8, 2], "texture": "#0"},
				"west": {"uv": [4.5, 7.5, 5, 8.5], "texture": "#0"},
				"up": {"uv": [4.5, 8.5, 4, 8], "texture": "#0"},
				"down": {"uv": [8.5, 4, 8, 4.5], "texture": "#0"}
			}
		},
		{
			"from": [5.5, 4, 7],
			"to": [6.5, 6, 10],
			"faces": {
				"north": {"uv": [1.5, 7, 2, 8], "texture": "#0"},
				"east": {"uv": [4.5, 0, 6, 1], "texture": "#0"},
				"south": {"uv": [2, 7, 2.5, 8], "texture": "#0"},
				"west": {"uv": [4.5, 1, 6, 2], "texture": "#0"},
				"up": {"uv": [2, 7, 1.5, 5.5], "texture": "#0"},
				"down": {"uv": [2.5, 5.5, 2, 7], "texture": "#0"}
			}
		},
		{
			"from": [6.5, 4, 6],
			"to": [9.5, 6, 7],
			"rotation": {"angle": 0, "axis": "y", "origin": [10.5, 5, 4.5]},
			"faces": {
				"north": {"uv": [1.5, 4.5, 3, 5.5], "texture": "#0"},
				"east": {"uv": [2.5, 7, 3, 8], "texture": "#0"},
				"south": {"uv": [4.5, 2, 6, 3], "texture": "#0"},
				"west": {"uv": [3, 7, 3.5, 8], "texture": "#0"},
				"up": {"uv": [4, 6, 2.5, 5.5], "texture": "#0"},
				"down": {"uv": [1.5, 6, 0, 6.5], "texture": "#0"}
			}
		},
		{
			"from": [6.5, 4, 10],
			"to": [9.5, 6, 11],
			"rotation": {"angle": 0, "axis": "y", "origin": [10.5, 5, 4.5]},
			"faces": {
				"north": {"uv": [4.5, 4, 6, 5], "texture": "#0"},
				"east": {"uv": [7.5, 5.5, 8, 6.5], "texture": "#0"},
				"south": {"uv": [4.5, 5, 6, 6], "texture": "#0"},
				"west": {"uv": [6.5, 7.5, 7, 8.5], "texture": "#0"},
				"up": {"uv": [4, 7, 2.5, 6.5], "texture": "#0"},
				"down": {"uv": [8, 2.5, 6.5, 3], "texture": "#0"}
			}
		},
		{
			"from": [8.5, 0, 6],
			"to": [9.5, 1, 7],
			"rotation": {"angle": 0, "axis": "y", "origin": [10.5, 5, 4.5]},
			"faces": {
				"north": {"uv": [8, 4.5, 8.5, 5], "texture": "#0"},
				"east": {"uv": [5, 8, 5.5, 8.5], "texture": "#0"},
				"south": {"uv": [8, 5, 8.5, 5.5], "texture": "#0"},
				"west": {"uv": [5.5, 8, 6, 8.5], "texture": "#0"},
				"up": {"uv": [8.5, 6, 8, 5.5], "texture": "#0"},
				"down": {"uv": [6.5, 8, 6, 8.5], "texture": "#0"}
			}
		},
		{
			"from": [6.5, 0, 6],
			"to": [7.5, 1, 7],
			"rotation": {"angle": 0, "axis": "y", "origin": [10.5, 5, 4.5]},
			"faces": {
				"north": {"uv": [8, 6, 8.5, 6.5], "texture": "#0"},
				"east": {"uv": [8, 6.5, 8.5, 7], "texture": "#0"},
				"south": {"uv": [7, 8, 7.5, 8.5], "texture": "#0"},
				"west": {"uv": [8, 7, 8.5, 7.5], "texture": "#0"},
				"up": {"uv": [8, 8.5, 7.5, 8], "texture": "#0"},
				"down": {"uv": [8.5, 7.5, 8, 8], "texture": "#0"}
			}
		},
		{
			"from": [6.5, 4, 5.5],
			"to": [9.5, 5, 6],
			"rotation": {"angle": 0, "axis": "y", "origin": [10.5, 5, 4.5]},
			"faces": {
				"north": {"uv": [6, 0, 7.5, 0.5], "texture": "#0"},
				"east": {"uv": [7.5, 2, 8, 2.5], "texture": "#0"},
				"south": {"uv": [6, 0.5, 7.5, 1], "texture": "#0"},
				"west": {"uv": [7.5, 6.5, 8, 7], "texture": "#0"},
				"up": {"uv": [7.5, 1.5, 6, 1], "texture": "#0"},
				"down": {"uv": [7.5, 1.5, 6, 2], "texture": "#0"}
			}
		},
		{
			"from": [6.5, 4, 11],
			"to": [9.5, 5, 11.5],
			"rotation": {"angle": 0, "axis": "y", "origin": [10.5, 5, 4.5]},
			"faces": {
				"north": {"uv": [6.5, 3, 8, 3.5], "texture": "#0"},
				"east": {"uv": [8.5, 2.5, 9, 3], "texture": "#0"},
				"south": {"uv": [6.5, 3.5, 8, 4], "texture": "#0"},
				"west": {"uv": [3, 8.5, 3.5, 9], "texture": "#0"},
				"up": {"uv": [8, 4.5, 6.5, 4], "texture": "#0"},
				"down": {"uv": [8, 4.5, 6.5, 5], "texture": "#0"}
			}
		},
		{
			"from": [5.5, 4, 6],
			"to": [6.5, 5, 7],
			"rotation": {"angle": 0, "axis": "y", "origin": [10.5, 5, 4.5]},
			"faces": {
				"north": {"uv": [7.5, 7, 8, 7.5], "texture": "#0"},
				"east": {"uv": [7.5, 7.5, 8, 8], "texture": "#0"},
				"south": {"uv": [0, 8, 0.5, 8.5], "texture": "#0"},
				"west": {"uv": [8, 0, 8.5, 0.5], "texture": "#0"},
				"up": {"uv": [1, 8.5, 0.5, 8], "texture": "#0"},
				"down": {"uv": [8.5, 0.5, 8, 1], "texture": "#0"}
			}
		},
		{
			"from": [9.5, 4, 7],
			"to": [10.5, 6, 10],
			"faces": {
				"north": {"uv": [3.5, 7, 4, 8], "texture": "#0"},
				"east": {"uv": [3, 4.5, 4.5, 5.5], "texture": "#0"},
				"south": {"uv": [4, 7, 4.5, 8], "texture": "#0"},
				"west": {"uv": [4.5, 3, 6, 4], "texture": "#0"},
				"up": {"uv": [6.5, 5.5, 6, 4], "texture": "#0"},
				"down": {"uv": [5, 6, 4.5, 7.5], "texture": "#0"}
			}
		},
		{
			"from": [9.5, 4, 6],
			"to": [10.5, 5, 7],
			"rotation": {"angle": 0, "axis": "y", "origin": [10.5, 5, 4.5]},
			"faces": {
				"north": {"uv": [1.5, 8, 2, 8.5], "texture": "#0"},
				"east": {"uv": [8, 1.5, 8.5, 2], "texture": "#0"},
				"south": {"uv": [2, 8, 2.5, 8.5], "texture": "#0"},
				"west": {"uv": [8, 2, 8.5, 2.5], "texture": "#0"},
				"up": {"uv": [3, 8.5, 2.5, 8], "texture": "#0"},
				"down": {"uv": [8.5, 2.5, 8, 3], "texture": "#0"}
			}
		},
		{
			"from": [9.5, 4, 10],
			"to": [10.5, 5, 11],
			"rotation": {"angle": 0, "axis": "y", "origin": [10.5, 5, 4.5]},
			"faces": {
				"north": {"uv": [8, 8, 8.5, 8.5], "texture": "#0"},
				"east": {"uv": [0, 8.5, 0.5, 9], "texture": "#0"},
				"south": {"uv": [8.5, 0, 9, 0.5], "texture": "#0"},
				"west": {"uv": [0.5, 8.5, 1, 9], "texture": "#0"},
				"up": {"uv": [9, 1, 8.5, 0.5], "texture": "#0"},
				"down": {"uv": [1.5, 8.5, 1, 9], "texture": "#0"}
			}
		},
		{
			"from": [5.5, 4, 10],
			"to": [6.5, 5, 11],
			"rotation": {"angle": 0, "axis": "y", "origin": [10.5, 5, 4.5]},
			"faces": {
				"north": {"uv": [8.5, 1, 9, 1.5], "texture": "#0"},
				"east": {"uv": [1.5, 8.5, 2, 9], "texture": "#0"},
				"south": {"uv": [8.5, 1.5, 9, 2], "texture": "#0"},
				"west": {"uv": [2, 8.5, 2.5, 9], "texture": "#0"},
				"up": {"uv": [9, 2.5, 8.5, 2], "texture": "#0"},
				"down": {"uv": [3, 8.5, 2.5, 9], "texture": "#0"}
			}
		},
		{
			"from": [10.5, 4, 7],
			"to": [11, 5, 10],
			"faces": {
				"north": {"uv": [1, 8, 1.5, 8.5], "texture": "#0"},
				"east": {"uv": [6, 2, 7.5, 2.5], "texture": "#0"},
				"south": {"uv": [8, 1, 8.5, 1.5], "texture": "#0"},
				"west": {"uv": [2.5, 6, 4, 6.5], "texture": "#0"},
				"up": {"uv": [4.5, 7, 4, 5.5], "texture": "#0"},
				"down": {"uv": [6.5, 2.5, 6, 4], "texture": "#0"}
			}
		},
		{
			"from": [5, 4, 7],
			"to": [5.5, 5, 10],
			"faces": {
				"north": {"uv": [3, 8, 3.5, 8.5], "texture": "#0"},
				"east": {"uv": [5, 6, 6.5, 6.5], "texture": "#0"},
				"south": {"uv": [8, 3, 8.5, 3.5], "texture": "#0"},
				"west": {"uv": [6, 5.5, 7.5, 6], "texture": "#0"},
				"up": {"uv": [0.5, 8, 0, 6.5], "texture": "#0"},
				"down": {"uv": [1, 6.5, 0.5, 8], "texture": "#0"}
			}
		}
	],
	"display": {
		"thirdperson_righthand": {
			"rotation": [174.53, 21.31, -159.63],
			"translation": [2.25, 6.25, 0]
		},
		"ground": {
			"translation": [0, 3.5, 0]
		},
		"head": {
			"translation": [-0.5, 18.5, 0],
			"scale": [1.5, 1.5, 1.5]
		},
		"fixed": {
			"rotation": [91.01, 1.28, -179.93],
			"translation": [0.5, 0.75, -11],
			"scale": [1.5, 1.5, 1.5]
		}
	}
}
