{
	"credit": "Made with Blockbench",
	"texture_size": [32, 32],
	"textures": {
		"0": "cookie:item/orchid_crown"
	},
	"elements": [
		{
			"from": [10.5, 0.75, 12],
			"to": [12.5, 2.75, 13],
			"rotation": {"angle": 0, "axis": "y", "origin": [13.5, 1.5, 13.5]},
			"faces": {
				"north": {"uv": [2, 5, 3, 6], "texture": "#0"},
				"east": {"uv": [9, 8, 9.5, 9], "texture": "#0"},
				"south": {"uv": [3, 5, 4, 6], "texture": "#0"},
				"west": {"uv": [9, 9, 9.5, 10], "texture": "#0"},
				"up": {"uv": [9, 2, 8, 1.5], "texture": "#0"},
				"down": {"uv": [10.5, 0, 9.5, 0.5], "texture": "#0"}
			}
		},
		{
			"from": [5.5, 0.5, 12],
			"to": [7.5, 2.5, 13],
			"rotation": {"angle": 0, "axis": "y", "origin": [13.5, 1.5, 13.5]},
			"faces": {
				"north": {"uv": [2, 7, 3, 8], "texture": "#0"},
				"east": {"uv": [8.5, 10, 9, 11], "texture": "#0"},
				"south": {"uv": [3, 7, 4, 8], "texture": "#0"},
				"west": {"uv": [10, 8.5, 10.5, 9.5], "texture": "#0"},
				"up": {"uv": [10, 10.5, 9, 10], "texture": "#0"},
				"down": {"uv": [11, 9.5, 10, 10], "texture": "#0"}
			}
		},
		{
			"from": [12.25, 1.75, 11],
			"to": [13.5, 3, 12.75],
			"rotation": {"angle": 0, "axis": "y", "origin": [13.5, 1.5, 13.5]},
			"faces": {
				"north": {"uv": [11.5, 7, 12, 7.5], "texture": "#0"},
				"east": {"uv": [4, 10, 5, 10.5], "texture": "#0"},
				"south": {"uv": [7.5, 11.5, 8, 12], "texture": "#0"},
				"west": {"uv": [5, 10, 6, 10.5], "texture": "#0"},
				"up": {"uv": [10.5, 6, 10, 5], "texture": "#0"},
				"down": {"uv": [7.5, 10, 7, 11], "texture": "#0"}
			}
		},
		{
			"from": [13, 0.5, 6.5],
			"to": [14, 2.5, 8.5],
			"rotation": {"angle": 0, "axis": "y", "origin": [14.25, 1.5, 6.5]},
			"faces": {
				"north": {"uv": [1.5, 10, 2, 11], "texture": "#0"},
				"east": {"uv": [6, 5, 7, 6], "texture": "#0"},
				"south": {"uv": [10, 1.5, 10.5, 2.5], "texture": "#0"},
				"west": {"uv": [6, 6, 7, 7], "texture": "#0"},
				"up": {"uv": [3.5, 11, 3, 10], "texture": "#0"},
				"down": {"uv": [4, 10, 3.5, 11], "texture": "#0"}
			}
		},
		{
			"from": [12.75, 1.25, 5.5],
			"to": [13.75, 2.75, 7],
			"rotation": {"angle": 0, "axis": "y", "origin": [14.25, 1.5, 6.5]},
			"faces": {
				"north": {"uv": [6.5, 9.5, 7, 10.5], "texture": "#0"},
				"east": {"uv": [2, 6, 3, 7], "texture": "#0"},
				"south": {"uv": [9.5, 7, 10, 8], "texture": "#0"},
				"west": {"uv": [3, 6, 4, 7], "texture": "#0"},
				"up": {"uv": [10, 9, 9.5, 8], "texture": "#0"},
				"down": {"uv": [10, 9, 9.5, 10], "texture": "#0"}
			}
		},
		{
			"from": [12.75, 1.25, 8.5],
			"to": [13.75, 2.75, 10],
			"rotation": {"angle": 0, "axis": "y", "origin": [14.25, 1.5, 6.5]},
			"faces": {
				"north": {"uv": [0, 10, 0.5, 11], "texture": "#0"},
				"east": {"uv": [4, 6, 5, 7], "texture": "#0"},
				"south": {"uv": [0.5, 10, 1, 11], "texture": "#0"},
				"west": {"uv": [5, 6, 6, 7], "texture": "#0"},
				"up": {"uv": [10.5, 1.5, 10, 0.5], "texture": "#0"},
				"down": {"uv": [1.5, 10, 1, 11], "texture": "#0"}
			}
		},
		{
			"from": [10.25, 0.5, 2],
			"to": [12.25, 2.5, 3],
			"rotation": {"angle": 0, "axis": "y", "origin": [10.5, 2.5, 4.5]},
			"faces": {
				"north": {"uv": [4, 5, 5, 6], "texture": "#0"},
				"east": {"uv": [9.5, 5, 10, 6], "texture": "#0"},
				"south": {"uv": [5, 5, 6, 6], "texture": "#0"},
				"west": {"uv": [6, 9.5, 6.5, 10.5], "texture": "#0"},
				"up": {"uv": [10.5, 6.5, 9.5, 6], "texture": "#0"},
				"down": {"uv": [10.5, 6.5, 9.5, 7], "texture": "#0"}
			}
		},
		{
			"from": [12, 1.75, 2.25],
			"to": [13.25, 3.25, 3.5],
			"rotation": {"angle": 0, "axis": "y", "origin": [10.5, 2.5, 4.5]},
			"faces": {
				"north": {"uv": [9.5, 0.5, 10, 1.5], "texture": "#0"},
				"east": {"uv": [9.5, 1.5, 10, 2.5], "texture": "#0"},
				"south": {"uv": [2, 9.5, 2.5, 10.5], "texture": "#0"},
				"west": {"uv": [2.5, 9.5, 3, 10.5], "texture": "#0"},
				"up": {"uv": [12, 1, 11.5, 0.5], "texture": "#0"},
				"down": {"uv": [1.5, 11.5, 1, 12], "texture": "#0"}
			}
		},
		{
			"from": [9, 1.75, 2.25],
			"to": [10.75, 3, 3.25],
			"rotation": {"angle": 0, "axis": "y", "origin": [10.5, 2.5, 4.5]},
			"faces": {
				"north": {"uv": [9.5, 2.5, 10.5, 3], "texture": "#0"},
				"east": {"uv": [11.5, 1, 12, 1.5], "texture": "#0"},
				"south": {"uv": [3, 9.5, 4, 10], "texture": "#0"},
				"west": {"uv": [1.5, 11.5, 2, 12], "texture": "#0"},
				"up": {"uv": [10.5, 3.5, 9.5, 3], "texture": "#0"},
				"down": {"uv": [10.5, 3.5, 9.5, 4], "texture": "#0"}
			}
		},
		{
			"from": [5.75, 2, 2.25],
			"to": [6.75, 3.25, 3.25],
			"rotation": {"angle": 0, "axis": "y", "origin": [10.5, 2.5, 4.5]},
			"faces": {
				"north": {"uv": [11.5, 1.5, 12, 2], "texture": "#0"},
				"east": {"uv": [2, 11.5, 2.5, 12], "texture": "#0"},
				"south": {"uv": [11.5, 2, 12, 2.5], "texture": "#0"},
				"west": {"uv": [2.5, 11.5, 3, 12], "texture": "#0"},
				"up": {"uv": [12, 3, 11.5, 2.5], "texture": "#0"},
				"down": {"uv": [3.5, 11.5, 3, 12], "texture": "#0"}
			}
		},
		{
			"from": [7, 1.25, 2.5],
			"to": [8.25, 2.5, 3.25],
			"rotation": {"angle": 0, "axis": "y", "origin": [10.5, 2.5, 4.5]},
			"faces": {
				"north": {"uv": [4, 9.5, 5, 10], "texture": "#0"},
				"east": {"uv": [11.5, 3, 12, 3.5], "texture": "#0"},
				"south": {"uv": [9.5, 4, 10.5, 4.5], "texture": "#0"},
				"west": {"uv": [3.5, 11.5, 4, 12], "texture": "#0"},
				"up": {"uv": [10.5, 5, 9.5, 4.5], "texture": "#0"},
				"down": {"uv": [6, 9.5, 5, 10], "texture": "#0"}
			}
		},
		{
			"from": [13, 2, 5],
			"to": [14, 3, 6],
			"faces": {
				"north": {"uv": [7.5, 10.5, 8, 11], "texture": "#0"},
				"east": {"uv": [8, 10.5, 8.5, 11], "texture": "#0"},
				"south": {"uv": [10.5, 8.5, 11, 9], "texture": "#0"},
				"west": {"uv": [9, 10.5, 9.5, 11], "texture": "#0"},
				"up": {"uv": [11, 9.5, 10.5, 9], "texture": "#0"},
				"down": {"uv": [10, 10.5, 9.5, 11], "texture": "#0"}
			}
		},
		{
			"from": [13, 1, 4],
			"to": [14, 4, 5],
			"faces": {
				"north": {"uv": [7, 7, 7.5, 8.5], "texture": "#0"},
				"east": {"uv": [7.5, 7, 8, 8.5], "texture": "#0"},
				"south": {"uv": [8, 0, 8.5, 1.5], "texture": "#0"},
				"west": {"uv": [2, 8, 2.5, 9.5], "texture": "#0"},
				"up": {"uv": [5.5, 11, 5, 10.5], "texture": "#0"},
				"down": {"uv": [11, 5, 10.5, 5.5], "texture": "#0"}
			}
		},
		{
			"from": [13, 2, 3],
			"to": [14, 3, 4],
			"faces": {
				"north": {"uv": [5.5, 10.5, 6, 11], "texture": "#0"},
				"east": {"uv": [10.5, 5.5, 11, 6], "texture": "#0"},
				"south": {"uv": [6, 10.5, 6.5, 11], "texture": "#0"},
				"west": {"uv": [10.5, 6, 11, 6.5], "texture": "#0"},
				"up": {"uv": [7, 11, 6.5, 10.5], "texture": "#0"},
				"down": {"uv": [11, 6.5, 10.5, 7], "texture": "#0"}
			}
		},
		{
			"from": [4, 1.5, 2],
			"to": [5, 2.5, 3],
			"rotation": {"angle": 0, "axis": "y", "origin": [10.5, 2.5, 4.5]},
			"faces": {
				"north": {"uv": [5, 11, 5.5, 11.5], "texture": "#0"},
				"east": {"uv": [11, 5, 11.5, 5.5], "texture": "#0"},
				"south": {"uv": [5.5, 11, 6, 11.5], "texture": "#0"},
				"west": {"uv": [11, 5.5, 11.5, 6], "texture": "#0"},
				"up": {"uv": [6.5, 11.5, 6, 11], "texture": "#0"},
				"down": {"uv": [11.5, 6, 11, 6.5], "texture": "#0"}
			}
		},
		{
			"from": [5, 0.5, 2],
			"to": [6, 3.5, 3],
			"rotation": {"angle": 0, "axis": "y", "origin": [10.5, 2.5, 4.5]},
			"faces": {
				"north": {"uv": [8, 4, 8.5, 5.5], "texture": "#0"},
				"east": {"uv": [4.5, 8, 5, 9.5], "texture": "#0"},
				"south": {"uv": [5, 8, 5.5, 9.5], "texture": "#0"},
				"west": {"uv": [5.5, 8, 6, 9.5], "texture": "#0"},
				"up": {"uv": [7, 11.5, 6.5, 11], "texture": "#0"},
				"down": {"uv": [11.5, 6.5, 11, 7], "texture": "#0"}
			}
		},
		{
			"from": [6, 1.5, 2],
			"to": [7, 2.5, 3],
			"rotation": {"angle": 0, "axis": "y", "origin": [10.5, 2.5, 4.5]},
			"faces": {
				"north": {"uv": [7, 11, 7.5, 11.5], "texture": "#0"},
				"east": {"uv": [11, 7, 11.5, 7.5], "texture": "#0"},
				"south": {"uv": [7.5, 11, 8, 11.5], "texture": "#0"},
				"west": {"uv": [11, 7.5, 11.5, 8], "texture": "#0"},
				"up": {"uv": [8.5, 11.5, 8, 11], "texture": "#0"},
				"down": {"uv": [11.5, 8, 11, 8.5], "texture": "#0"}
			}
		},
		{
			"from": [7, 2.5, 2],
			"to": [8, 3.5, 3],
			"rotation": {"angle": 0, "axis": "y", "origin": [10.5, 2.5, 4.5]},
			"faces": {
				"north": {"uv": [8.5, 11, 9, 11.5], "texture": "#0"},
				"east": {"uv": [11, 8.5, 11.5, 9], "texture": "#0"},
				"south": {"uv": [9, 11, 9.5, 11.5], "texture": "#0"},
				"west": {"uv": [11, 9, 11.5, 9.5], "texture": "#0"},
				"up": {"uv": [10, 11.5, 9.5, 11], "texture": "#0"},
				"down": {"uv": [11.5, 9.5, 11, 10], "texture": "#0"}
			}
		},
		{
			"from": [8, 1.5, 2],
			"to": [9, 4.5, 3],
			"rotation": {"angle": 0, "axis": "y", "origin": [10.5, 2.5, 4.5]},
			"faces": {
				"north": {"uv": [8, 5.5, 8.5, 7], "texture": "#0"},
				"east": {"uv": [6, 8, 6.5, 9.5], "texture": "#0"},
				"south": {"uv": [6.5, 8, 7, 9.5], "texture": "#0"},
				"west": {"uv": [8, 7, 8.5, 8.5], "texture": "#0"},
				"up": {"uv": [10.5, 11.5, 10, 11], "texture": "#0"},
				"down": {"uv": [11.5, 10, 11, 10.5], "texture": "#0"}
			}
		},
		{
			"from": [9, 2.5, 2],
			"to": [10, 3.5, 3],
			"rotation": {"angle": 0, "axis": "y", "origin": [10.5, 2.5, 4.5]},
			"faces": {
				"north": {"uv": [10.5, 11, 11, 11.5], "texture": "#0"},
				"east": {"uv": [11, 10.5, 11.5, 11], "texture": "#0"},
				"south": {"uv": [11, 11, 11.5, 11.5], "texture": "#0"},
				"west": {"uv": [0, 11.5, 0.5, 12], "texture": "#0"},
				"up": {"uv": [12, 0.5, 11.5, 0], "texture": "#0"},
				"down": {"uv": [1, 11.5, 0.5, 12], "texture": "#0"}
			}
		},
		{
			"from": [13, 2.5, 9],
			"to": [14, 3.5, 10],
			"rotation": {"angle": 0, "axis": "y", "origin": [14.5, 3, 9.5]},
			"faces": {
				"north": {"uv": [11.5, 3.5, 12, 4], "texture": "#0"},
				"east": {"uv": [4, 11.5, 4.5, 12], "texture": "#0"},
				"south": {"uv": [11.5, 4, 12, 4.5], "texture": "#0"},
				"west": {"uv": [4.5, 11.5, 5, 12], "texture": "#0"},
				"up": {"uv": [12, 5, 11.5, 4.5], "texture": "#0"},
				"down": {"uv": [5.5, 11.5, 5, 12], "texture": "#0"}
			}
		},
		{
			"from": [13, 1.5, 10],
			"to": [14, 4.5, 11],
			"rotation": {"angle": 0, "axis": "y", "origin": [14.5, 3, 9.5]},
			"faces": {
				"north": {"uv": [0, 8.5, 0.5, 10], "texture": "#0"},
				"east": {"uv": [8.5, 0, 9, 1.5], "texture": "#0"},
				"south": {"uv": [0.5, 8.5, 1, 10], "texture": "#0"},
				"west": {"uv": [1, 8.5, 1.5, 10], "texture": "#0"},
				"up": {"uv": [12, 5.5, 11.5, 5], "texture": "#0"},
				"down": {"uv": [6, 11.5, 5.5, 12], "texture": "#0"}
			}
		},
		{
			"from": [13, 2.5, 11],
			"to": [14, 3.5, 12],
			"rotation": {"angle": 0, "axis": "y", "origin": [14.5, 3, 9.5]},
			"faces": {
				"north": {"uv": [11.5, 5.5, 12, 6], "texture": "#0"},
				"east": {"uv": [6, 11.5, 6.5, 12], "texture": "#0"},
				"south": {"uv": [11.5, 6, 12, 6.5], "texture": "#0"},
				"west": {"uv": [6.5, 11.5, 7, 12], "texture": "#0"},
				"up": {"uv": [12, 7, 11.5, 6.5], "texture": "#0"},
				"down": {"uv": [7.5, 11.5, 7, 12], "texture": "#0"}
			}
		},
		{
			"from": [9.25, 2.75, 12],
			"to": [10.25, 3.75, 13],
			"rotation": {"angle": 0, "axis": "y", "origin": [13.5, 3, 10.5]},
			"faces": {
				"north": {"uv": [11.5, 7.5, 12, 8], "texture": "#0"},
				"east": {"uv": [8, 11.5, 8.5, 12], "texture": "#0"},
				"south": {"uv": [11.5, 8, 12, 8.5], "texture": "#0"},
				"west": {"uv": [8.5, 11.5, 9, 12], "texture": "#0"},
				"up": {"uv": [12, 9, 11.5, 8.5], "texture": "#0"},
				"down": {"uv": [9.5, 11.5, 9, 12], "texture": "#0"}
			}
		},
		{
			"from": [9.25, 2, 11.75],
			"to": [11, 3.25, 12.75],
			"rotation": {"angle": 0, "axis": "y", "origin": [13.5, 3, 10.5]},
			"faces": {
				"north": {"uv": [10, 7, 11, 7.5], "texture": "#0"},
				"east": {"uv": [11.5, 11, 12, 11.5], "texture": "#0"},
				"south": {"uv": [7.5, 10, 8.5, 10.5], "texture": "#0"},
				"west": {"uv": [11.5, 11.5, 12, 12], "texture": "#0"},
				"up": {"uv": [11, 8, 10, 7.5], "texture": "#0"},
				"down": {"uv": [11, 8, 10, 8.5], "texture": "#0"}
			}
		},
		{
			"from": [6.5, 1.5, 11.75],
			"to": [8.5, 3, 12.75],
			"rotation": {"angle": 0, "axis": "y", "origin": [13.5, 3, 10.5]},
			"faces": {
				"north": {"uv": [4, 7, 5, 8], "texture": "#0"},
				"east": {"uv": [10, 10, 10.5, 11], "texture": "#0"},
				"south": {"uv": [7, 4, 8, 5], "texture": "#0"},
				"west": {"uv": [10.5, 0, 11, 1], "texture": "#0"},
				"up": {"uv": [11.5, 1.5, 10.5, 1], "texture": "#0"},
				"down": {"uv": [11.5, 1.5, 10.5, 2], "texture": "#0"}
			}
		},
		{
			"from": [3.75, 1.5, 11.5],
			"to": [5.5, 3.25, 12.75],
			"rotation": {"angle": 0, "axis": "y", "origin": [13.5, 3, 10.5]},
			"faces": {
				"north": {"uv": [5, 7, 6, 8], "texture": "#0"},
				"east": {"uv": [2, 10.5, 2.5, 11.5], "texture": "#0"},
				"south": {"uv": [7, 5, 8, 6], "texture": "#0"},
				"west": {"uv": [10.5, 2, 11, 3], "texture": "#0"},
				"up": {"uv": [11.5, 3.5, 10.5, 3], "texture": "#0"},
				"down": {"uv": [11.5, 3.5, 10.5, 4], "texture": "#0"}
			}
		},
		{
			"from": [8.25, 1.75, 12],
			"to": [9.25, 4.75, 13],
			"rotation": {"angle": 0, "axis": "y", "origin": [13.5, 3, 10.5]},
			"faces": {
				"north": {"uv": [1.5, 8.5, 2, 10], "texture": "#0"},
				"east": {"uv": [8.5, 4, 9, 5.5], "texture": "#0"},
				"south": {"uv": [8.5, 5.5, 9, 7], "texture": "#0"},
				"west": {"uv": [7, 8.5, 7.5, 10], "texture": "#0"},
				"up": {"uv": [12, 9.5, 11.5, 9], "texture": "#0"},
				"down": {"uv": [10, 11.5, 9.5, 12], "texture": "#0"}
			}
		},
		{
			"from": [7.25, 2.75, 12],
			"to": [8.25, 3.75, 13],
			"rotation": {"angle": 0, "axis": "y", "origin": [13.5, 3, 10.5]},
			"faces": {
				"north": {"uv": [11.5, 9.5, 12, 10], "texture": "#0"},
				"east": {"uv": [10, 11.5, 10.5, 12], "texture": "#0"},
				"south": {"uv": [11.5, 10, 12, 10.5], "texture": "#0"},
				"west": {"uv": [10.5, 11.5, 11, 12], "texture": "#0"},
				"up": {"uv": [12, 11, 11.5, 10.5], "texture": "#0"},
				"down": {"uv": [11.5, 11.5, 11, 12], "texture": "#0"}
			}
		},
		{
			"from": [3, 2, 9],
			"to": [4, 3, 10],
			"faces": {
				"north": {"uv": [0, 11, 0.5, 11.5], "texture": "#0"},
				"east": {"uv": [11, 0, 11.5, 0.5], "texture": "#0"},
				"south": {"uv": [0.5, 11, 1, 11.5], "texture": "#0"},
				"west": {"uv": [11, 0.5, 11.5, 1], "texture": "#0"},
				"up": {"uv": [1.5, 11.5, 1, 11], "texture": "#0"},
				"down": {"uv": [2, 11, 1.5, 11.5], "texture": "#0"}
			}
		},
		{
			"from": [3, 1, 10],
			"to": [4, 4, 11],
			"faces": {
				"north": {"uv": [2.5, 8, 3, 9.5], "texture": "#0"},
				"east": {"uv": [3, 8, 3.5, 9.5], "texture": "#0"},
				"south": {"uv": [3.5, 8, 4, 9.5], "texture": "#0"},
				"west": {"uv": [4, 8, 4.5, 9.5], "texture": "#0"},
				"up": {"uv": [11, 10.5, 10.5, 10], "texture": "#0"},
				"down": {"uv": [11, 10.5, 10.5, 11], "texture": "#0"}
			}
		},
		{
			"from": [3, 2, 11],
			"to": [4, 3, 12],
			"faces": {
				"north": {"uv": [11, 2, 11.5, 2.5], "texture": "#0"},
				"east": {"uv": [11, 2.5, 11.5, 3], "texture": "#0"},
				"south": {"uv": [3, 11, 3.5, 11.5], "texture": "#0"},
				"west": {"uv": [3.5, 11, 4, 11.5], "texture": "#0"},
				"up": {"uv": [11.5, 4.5, 11, 4], "texture": "#0"},
				"down": {"uv": [11.5, 4.5, 11, 5], "texture": "#0"}
			}
		},
		{
			"from": [3.5, 2.5, 3],
			"to": [4.5, 3.5, 4],
			"faces": {
				"north": {"uv": [1.5, 12, 2, 12.5], "texture": "#0"},
				"east": {"uv": [12, 1.5, 12.5, 2], "texture": "#0"},
				"south": {"uv": [2, 12, 2.5, 12.5], "texture": "#0"},
				"west": {"uv": [12, 2, 12.5, 2.5], "texture": "#0"},
				"up": {"uv": [3, 12.5, 2.5, 12], "texture": "#0"},
				"down": {"uv": [12.5, 2.5, 12, 3], "texture": "#0"}
			}
		},
		{
			"from": [3.75, 1.75, 2.75],
			"to": [4.75, 3, 4],
			"faces": {
				"north": {"uv": [5, 12, 5.5, 12.5], "texture": "#0"},
				"east": {"uv": [12, 5, 12.5, 5.5], "texture": "#0"},
				"south": {"uv": [5.5, 12, 6, 12.5], "texture": "#0"},
				"west": {"uv": [12, 5.5, 12.5, 6], "texture": "#0"},
				"up": {"uv": [6.5, 12.5, 6, 12], "texture": "#0"},
				"down": {"uv": [12.5, 6, 12, 6.5], "texture": "#0"}
			}
		},
		{
			"from": [3.75, 1.25, 4.75],
			"to": [4.25, 2.5, 6],
			"faces": {
				"north": {"uv": [6.5, 12, 7, 12.5], "texture": "#0"},
				"east": {"uv": [12, 6.5, 12.5, 7], "texture": "#0"},
				"south": {"uv": [7, 12, 7.5, 12.5], "texture": "#0"},
				"west": {"uv": [12, 7, 12.5, 7.5], "texture": "#0"},
				"up": {"uv": [8, 12.5, 7.5, 12], "texture": "#0"},
				"down": {"uv": [12.5, 7.5, 12, 8], "texture": "#0"}
			}
		},
		{
			"from": [3.5, 1.5, 4],
			"to": [4.5, 4.5, 5],
			"faces": {
				"north": {"uv": [8.5, 7, 9, 8.5], "texture": "#0"},
				"east": {"uv": [7.5, 8.5, 8, 10], "texture": "#0"},
				"south": {"uv": [8, 8.5, 8.5, 10], "texture": "#0"},
				"west": {"uv": [8.5, 8.5, 9, 10], "texture": "#0"},
				"up": {"uv": [3.5, 12.5, 3, 12], "texture": "#0"},
				"down": {"uv": [12.5, 3, 12, 3.5], "texture": "#0"}
			}
		},
		{
			"from": [3.5, 2.5, 5],
			"to": [4.5, 3.5, 6],
			"faces": {
				"north": {"uv": [3.5, 12, 4, 12.5], "texture": "#0"},
				"east": {"uv": [12, 3.5, 12.5, 4], "texture": "#0"},
				"south": {"uv": [4, 12, 4.5, 12.5], "texture": "#0"},
				"west": {"uv": [12, 4, 12.5, 4.5], "texture": "#0"},
				"up": {"uv": [5, 12.5, 4.5, 12], "texture": "#0"},
				"down": {"uv": [12.5, 4.5, 12, 5], "texture": "#0"}
			}
		},
		{
			"from": [3.25, 1, 6],
			"to": [4.25, 2.75, 8],
			"faces": {
				"north": {"uv": [2.5, 10.5, 3, 11.5], "texture": "#0"},
				"east": {"uv": [6, 7, 7, 8], "texture": "#0"},
				"south": {"uv": [4, 10.5, 4.5, 11.5], "texture": "#0"},
				"west": {"uv": [7, 6, 8, 7], "texture": "#0"},
				"up": {"uv": [11, 5, 10.5, 4], "texture": "#0"},
				"down": {"uv": [5, 10.5, 4.5, 11.5], "texture": "#0"}
			}
		},
		{
			"from": [3.5, 1.25, 8],
			"to": [4.5, 2.5, 9.25],
			"faces": {
				"north": {"uv": [0, 12, 0.5, 12.5], "texture": "#0"},
				"east": {"uv": [12, 0, 12.5, 0.5], "texture": "#0"},
				"south": {"uv": [0.5, 12, 1, 12.5], "texture": "#0"},
				"west": {"uv": [12, 0.5, 12.5, 1], "texture": "#0"},
				"up": {"uv": [1.5, 12.5, 1, 12], "texture": "#0"},
				"down": {"uv": [12.5, 1, 12, 1.5], "texture": "#0"}
			}
		},
		{
			"from": [4, 0.75, 3],
			"to": [13, 2, 4],
			"faces": {
				"north": {"uv": [0, 0, 4.5, 1], "texture": "#0"},
				"east": {"uv": [9, 0, 9.5, 1], "texture": "#0"},
				"south": {"uv": [0, 1, 4.5, 2], "texture": "#0"},
				"west": {"uv": [9, 1, 9.5, 2], "texture": "#0"},
				"up": {"uv": [9, 2.5, 4.5, 2], "texture": "#0"},
				"down": {"uv": [9, 2.5, 4.5, 3], "texture": "#0"}
			}
		},
		{
			"from": [12, 0.75, 4],
			"to": [13, 2, 11],
			"faces": {
				"north": {"uv": [9, 2, 9.5, 3], "texture": "#0"},
				"east": {"uv": [0, 4, 3.5, 5], "texture": "#0"},
				"south": {"uv": [9, 3, 9.5, 4], "texture": "#0"},
				"west": {"uv": [3.5, 4, 7, 5], "texture": "#0"},
				"up": {"uv": [0.5, 8.5, 0, 5], "texture": "#0"},
				"down": {"uv": [1, 5, 0.5, 8.5], "texture": "#0"}
			}
		},
		{
			"from": [4, 0.75, 4],
			"to": [5, 2, 11],
			"faces": {
				"north": {"uv": [9, 4, 9.5, 5], "texture": "#0"},
				"east": {"uv": [4.5, 0, 8, 1], "texture": "#0"},
				"south": {"uv": [9, 5, 9.5, 6], "texture": "#0"},
				"west": {"uv": [4.5, 1, 8, 2], "texture": "#0"},
				"up": {"uv": [1.5, 8.5, 1, 5], "texture": "#0"},
				"down": {"uv": [2, 5, 1.5, 8.5], "texture": "#0"}
			}
		},
		{
			"from": [4, 0.75, 11],
			"to": [13, 2, 12],
			"faces": {
				"north": {"uv": [0, 2, 4.5, 3], "texture": "#0"},
				"east": {"uv": [9, 6, 9.5, 7], "texture": "#0"},
				"south": {"uv": [0, 3, 4.5, 4], "texture": "#0"},
				"west": {"uv": [9, 7, 9.5, 8], "texture": "#0"},
				"up": {"uv": [9, 3.5, 4.5, 3], "texture": "#0"},
				"down": {"uv": [9, 3.5, 4.5, 4], "texture": "#0"}
			}
		}
	],
	"display": {
		"ground": {
			"translation": [0, 5, 0]
		},
		"head": {
			"translation": [-1, 13.25, 0.75],
			"scale": [1.7, 1.7, 1.7]
		}
	},
	"groups": [
		0,
		1,
		2,
		3,
		4,
		5,
		6,
		7,
		8,
		9,
		10,
		{
			"name": "group",
			"origin": [0, 0, 0],
			"color": 0,
			"children": [
				11,
				12,
				13,
				{
					"name": "group",
					"origin": [0, 0, 0],
					"color": 0,
					"children": [
						14,
						15,
						16,
						{
							"name": "group",
							"origin": [0, 0, 0],
							"color": 0,
							"children": [
								17,
								18,
								19,
								{
									"name": "group",
									"origin": [0, 0, 0],
									"color": 0,
									"children": [20, 21, 22]
								}
							]
						}
					]
				}
			]
		},
		{
			"name": "group",
			"origin": [0, 0, 0],
			"color": 0,
			"children": [23, 24, 25, 26, 27, 28]
		},
		{
			"name": "group",
			"origin": [0, 0, 0],
			"color": 0,
			"children": [
				29,
				30,
				31,
				{
					"name": "group",
					"origin": [0, 0, 0],
					"color": 0,
					"children": [32, 33, 34, 35, 36]
				}
			]
		},
		37,
		38,
		{
			"name": "base",
			"origin": [0, 0, 0],
			"color": 0,
			"children": [39, 40, 41, 42]
		}
	]
}
