{
	"credit": "Made with Blockbench",
	"texture_size": [32, 32],
	"textures": {
		"0": "cookie:item/penguin_plushie",
		"particle": "cookie:item/penguin_plushie"
	},
	"elements": [
		{
			"from": [8.5, 0, 6],
			"to": [10, 0.5, 7],
			"rotation": {"angle": 0, "axis": "y", "origin": [8, -0.25, 6]},
			"faces": {
				"north": {"uv": [8.5, 5, 9.5, 5.5], "texture": "#0"},
				"east": {"uv": [7, 4.5, 7.5, 5], "texture": "#0"},
				"south": {"uv": [5.5, 8.5, 6.5, 9], "texture": "#0"},
				"west": {"uv": [6.5, 8.5, 7, 9], "texture": "#0"},
				"up": {"uv": [9.5, 6, 8.5, 5.5], "texture": "#0"},
				"down": {"uv": [9.5, 6, 8.5, 6.5], "texture": "#0"}
			}
		},
		{
			"from": [9, 3, 7],
			"to": [9.75, 3.75, 10],
			"rotation": {"angle": 0, "axis": "y", "origin": [11, 0, 9]},
			"faces": {
				"north": {"uv": [9, 0, 9.5, 0.5], "texture": "#0"},
				"east": {"uv": [4.5, 1.5, 6, 2], "texture": "#0"},
				"south": {"uv": [9, 0.5, 9.5, 1], "texture": "#0"},
				"west": {"uv": [6, 3, 7.5, 3.5], "texture": "#0"},
				"up": {"uv": [1, 8.5, 0.5, 7], "texture": "#0"},
				"down": {"uv": [1.5, 7, 1, 8.5], "texture": "#0"}
			}
		},
		{
			"from": [6.25, 3, 7],
			"to": [7, 3.75, 10],
			"rotation": {"angle": 0, "axis": "y", "origin": [5, 0, 9]},
			"faces": {
				"north": {"uv": [9, 9, 9.5, 9.5], "texture": "#0"},
				"east": {"uv": [7, 3.5, 8.5, 4], "texture": "#0"},
				"south": {"uv": [0, 9.5, 0.5, 10], "texture": "#0"},
				"west": {"uv": [7, 4, 8.5, 4.5], "texture": "#0"},
				"up": {"uv": [7.5, 8, 7, 6.5], "texture": "#0"},
				"down": {"uv": [8, 1.5, 7.5, 3], "texture": "#0"}
			}
		},
		{
			"from": [7, 0, 7],
			"to": [9, 4, 10],
			"rotation": {"angle": 0, "axis": "y", "origin": [8, 0, 7]},
			"faces": {
				"north": {"uv": [1.5, 6.5, 2.5, 8.5], "texture": "#0"},
				"east": {"uv": [0, 0, 1.5, 2], "texture": "#0"},
				"south": {"uv": [2.5, 6.5, 3.5, 8.5], "texture": "#0"},
				"west": {"uv": [1.5, 0, 3, 2], "texture": "#0"},
				"up": {"uv": [4.5, 8, 3.5, 6.5], "texture": "#0"},
				"down": {"uv": [5.5, 6.5, 4.5, 8], "texture": "#0"}
			}
		},
		{
			"from": [6.5, 3.75, 6.75],
			"to": [9.5, 4.25, 9.75],
			"rotation": {"angle": 0, "axis": "y", "origin": [8, 2.75, 7]},
			"faces": {
				"north": {"uv": [7.5, 3, 9, 3.5], "texture": "#0"},
				"east": {"uv": [8, 1.5, 9.5, 2], "texture": "#0"},
				"south": {"uv": [8, 2, 9.5, 2.5], "texture": "#0"},
				"west": {"uv": [8, 2.5, 9.5, 3], "texture": "#0"},
				"up": {"uv": [7, 5, 5.5, 3.5], "texture": "#0"},
				"down": {"uv": [7.5, 1.5, 6, 3], "texture": "#0"}
			}
		},
		{
			"from": [6.5, 4.25, 6.5],
			"to": [9.5, 7.25, 10],
			"rotation": {"angle": 0, "axis": "y", "origin": [8, 2.25, 7]},
			"faces": {
				"north": {"uv": [1.5, 5, 3, 6.5], "texture": "#0"},
				"east": {"uv": [0, 2, 2, 3.5], "texture": "#0"},
				"south": {"uv": [3, 5, 4.5, 6.5], "texture": "#0"},
				"west": {"uv": [2, 2, 4, 3.5], "texture": "#0"},
				"up": {"uv": [4.5, 2, 3, 0], "texture": "#0"},
				"down": {"uv": [1.5, 3.5, 0, 5.5], "texture": "#0"}
			}
		},
		{
			"from": [9.5, 4.25, 6.5],
			"to": [9.75, 6.75, 10],
			"rotation": {"angle": 0, "axis": "y", "origin": [12, 2.25, 7]},
			"faces": {
				"north": {"uv": [3.5, 8, 4, 9.5], "texture": "#0"},
				"east": {"uv": [1.5, 3.5, 3.5, 5], "texture": "#0"},
				"south": {"uv": [4, 8, 4.5, 9.5], "texture": "#0"},
				"west": {"uv": [3.5, 3.5, 5.5, 5], "texture": "#0"},
				"up": {"uv": [6, 8.5, 5.5, 6.5], "texture": "#0"},
				"down": {"uv": [6.5, 6.5, 6, 8.5], "texture": "#0"}
			}
		},
		{
			"from": [6, 0, 6],
			"to": [7.5, 0.5, 7],
			"rotation": {"angle": 0, "axis": "y", "origin": [6, -0.25, 6]},
			"faces": {
				"north": {"uv": [8.5, 6.5, 9.5, 7], "texture": "#0"},
				"east": {"uv": [8.5, 8.5, 9, 9], "texture": "#0"},
				"south": {"uv": [8.5, 7, 9.5, 7.5], "texture": "#0"},
				"west": {"uv": [0, 9, 0.5, 9.5], "texture": "#0"},
				"up": {"uv": [9.5, 8, 8.5, 7.5], "texture": "#0"},
				"down": {"uv": [9.5, 8, 8.5, 8.5], "texture": "#0"}
			}
		},
		{
			"from": [6.25, 0, 5.5],
			"to": [7.25, 0.5, 6],
			"rotation": {"angle": 0, "axis": "y", "origin": [6, -0.5, 5]},
			"faces": {
				"north": {"uv": [9, 1, 9.5, 1.5], "texture": "#0"},
				"east": {"uv": [9, 3, 9.5, 3.5], "texture": "#0"},
				"south": {"uv": [9, 3.5, 9.5, 4], "texture": "#0"},
				"west": {"uv": [9, 4, 9.5, 4.5], "texture": "#0"},
				"up": {"uv": [9.5, 5, 9, 4.5], "texture": "#0"},
				"down": {"uv": [6, 9, 5.5, 9.5], "texture": "#0"}
			}
		},
		{
			"from": [7.5, 4.75, 6.25],
			"to": [8.5, 5.25, 6.5],
			"rotation": {"angle": 0, "axis": "y", "origin": [7.25, 4.25, 5.5]},
			"faces": {
				"north": {"uv": [9.5, 2, 10, 2.5], "texture": "#0"},
				"east": {"uv": [9.5, 2.5, 10, 3], "texture": "#0"},
				"south": {"uv": [9.5, 3, 10, 3.5], "texture": "#0"},
				"west": {"uv": [3.5, 9.5, 4, 10], "texture": "#0"},
				"up": {"uv": [10, 4, 9.5, 3.5], "texture": "#0"},
				"down": {"uv": [4.5, 9.5, 4, 10], "texture": "#0"}
			}
		},
		{
			"from": [8.75, 0, 5.5],
			"to": [9.75, 0.5, 6],
			"rotation": {"angle": 0, "axis": "y", "origin": [10, -0.5, 5]},
			"faces": {
				"north": {"uv": [6, 9, 6.5, 9.5], "texture": "#0"},
				"east": {"uv": [6.5, 9, 7, 9.5], "texture": "#0"},
				"south": {"uv": [7.5, 9, 8, 9.5], "texture": "#0"},
				"west": {"uv": [8, 9, 8.5, 9.5], "texture": "#0"},
				"up": {"uv": [9, 9.5, 8.5, 9], "texture": "#0"},
				"down": {"uv": [9.5, 8.5, 9, 9], "texture": "#0"}
			}
		},
		{
			"from": [9, 0, 7],
			"to": [10, 3, 10],
			"rotation": {"angle": 0, "axis": "y", "origin": [11, 0, 9]},
			"faces": {
				"north": {"uv": [7.5, 4.5, 8, 6], "texture": "#0"},
				"east": {"uv": [4.5, 5, 6, 6.5], "texture": "#0"},
				"south": {"uv": [7.5, 6, 8, 7.5], "texture": "#0"},
				"west": {"uv": [0, 5.5, 1.5, 7], "texture": "#0"},
				"up": {"uv": [8, 9, 7.5, 7.5], "texture": "#0"},
				"down": {"uv": [8.5, 0, 8, 1.5], "texture": "#0"}
			}
		},
		{
			"from": [10.25, 1, 7.25],
			"to": [11, 3.75, 8.5],
			"rotation": {"angle": 22.5, "axis": "z", "origin": [10.75, 1.625, 8.5]},
			"faces": {
				"north": {"uv": [5, 8, 5.5, 9.5], "texture": "#0"},
				"east": {"uv": [8, 6, 8.5, 7.5], "texture": "#0"},
				"south": {"uv": [7, 8, 7.5, 9.5], "texture": "#0"},
				"west": {"uv": [8, 7.5, 8.5, 9], "texture": "#0"},
				"up": {"uv": [10, 0.5, 9.5, 0], "texture": "#0"},
				"down": {"uv": [10, 0.5, 9.5, 1], "texture": "#0"}
			}
		},
		{
			"from": [6.25, 4.25, 6.5],
			"to": [6.5, 6.75, 10],
			"rotation": {"angle": 0, "axis": "y", "origin": [4, 2.25, 7]},
			"faces": {
				"north": {"uv": [4.5, 8, 5, 9.5], "texture": "#0"},
				"east": {"uv": [4, 2, 6, 3.5], "texture": "#0"},
				"south": {"uv": [8, 4.5, 8.5, 6], "texture": "#0"},
				"west": {"uv": [4.5, 0, 6.5, 1.5], "texture": "#0"},
				"up": {"uv": [7, 8.5, 6.5, 6.5], "texture": "#0"},
				"down": {"uv": [0.5, 7, 0, 9], "texture": "#0"}
			}
		},
		{
			"from": [6, 0, 7],
			"to": [7, 3, 10],
			"rotation": {"angle": 0, "axis": "y", "origin": [5, 0, 9]},
			"faces": {
				"north": {"uv": [8.5, 0, 9, 1.5], "texture": "#0"},
				"east": {"uv": [6, 5, 7.5, 6.5], "texture": "#0"},
				"south": {"uv": [0.5, 8.5, 1, 10], "texture": "#0"},
				"west": {"uv": [6.5, 0, 8, 1.5], "texture": "#0"},
				"up": {"uv": [1.5, 10, 1, 8.5], "texture": "#0"},
				"down": {"uv": [2, 8.5, 1.5, 10], "texture": "#0"}
			}
		},
		{
			"from": [5, 1, 7.25],
			"to": [5.75, 3.75, 8.5],
			"rotation": {"angle": -22.5, "axis": "z", "origin": [5.25, 1.625, 8.5]},
			"faces": {
				"north": {"uv": [2, 8.5, 2.5, 10], "texture": "#0"},
				"east": {"uv": [2.5, 8.5, 3, 10], "texture": "#0"},
				"south": {"uv": [3, 8.5, 3.5, 10], "texture": "#0"},
				"west": {"uv": [8.5, 3.5, 9, 5], "texture": "#0"},
				"up": {"uv": [10, 1.5, 9.5, 1], "texture": "#0"},
				"down": {"uv": [10, 1.5, 9.5, 2], "texture": "#0"}
			}
		},
		{
			"from": [8.75, 5.25, 6.4],
			"to": [9.25, 6, 6.5],
			"rotation": {"angle": 0, "axis": "y", "origin": [7.25, 4.75, 4.5]},
			"faces": {
				"north": {"uv": [0, 0, 0.25, 0.375], "texture": "#0"},
				"east": {"uv": [0, 0, 0.05, 0.375], "texture": "#0"},
				"south": {"uv": [0, 0, 0.25, 0.375], "texture": "#0"},
				"west": {"uv": [0, 0, 0.05, 0.375], "texture": "#0"},
				"up": {"uv": [0, 0, 0.25, 0.05], "texture": "#0"},
				"down": {"uv": [0, 0, 0.25, 0.05], "texture": "#0"}
			}
		},
		{
			"from": [6.75, 5.25, 6.4],
			"to": [7.25, 6, 6.5],
			"rotation": {"angle": 0, "axis": "y", "origin": [5.25, 4.75, 4.25]},
			"faces": {
				"north": {"uv": [0, 0, 0.25, 0.375], "texture": "#0"},
				"east": {"uv": [0, 0, 0.05, 0.375], "texture": "#0"},
				"south": {"uv": [0, 0, 0.25, 0.375], "texture": "#0"},
				"west": {"uv": [0, 0, 0.05, 0.375], "texture": "#0"},
				"up": {"uv": [0, 0, 0.25, 0.05], "texture": "#0"},
				"down": {"uv": [0, 0, 0.25, 0.05], "texture": "#0"}
			}
		}
	],
	"display": {
		"thirdperson_righthand": {
			"rotation": [65.5, 0, 0],
			"translation": [-1.5, 4.25, 5.25]
		},
		"thirdperson_lefthand": {
			"rotation": [65.5, 0, 0],
			"translation": [-1.5, 4.25, 5.25]
		},
		"firstperson_righthand": {
			"rotation": [-180, 36.25, -180],
			"translation": [-0.25, 7.25, 1.75]
		},
		"firstperson_lefthand": {
			"rotation": [-180, 36.25, -180],
			"translation": [0, 7.25, 1.5]
		},
		"ground": {
			"rotation": [-0.56, 36.55, -2.69],
			"translation": [0, 4.25, 0]
		},
		"gui": {
			"rotation": [-175.5, 13.5, 180],
			"translation": [0, 5.5, 0],
			"scale": [1.3, 1.3, 1.3]
		},
		"head": {
			"translation": [0, 18.5, 0],
			"scale": [1.5, 1.5, 1.5]
		},
		"fixed": {
			"rotation": [-90, 0, 0],
			"translation": [0, 0.5, -15.25],
			"scale": [2, 2, 2]
		}
	}
}
