{
	"ambientocclusion": false,
	"textures": {
		"0": "gameshow:item/microphone",
		"particle": "gameshow:item/microphone"
	},
	"elements": [
		{
			"from": [6, 6, 2],
			"to": [10, 10, 6],
			"faces": {
				"north": {"uv": [8, 0, 12, 4], "texture": "#0"},
				"east": {"uv": [0, 4, 4, 8], "texture": "#0"},
				"south": {"uv": [4, 0, 8, 4], "texture": "#0"},
				"west": {"uv": [0, 0, 4, 4], "texture": "#0"},
				"up": {"uv": [0, 8, 4, 12], "texture": "#0"},
				"down": {"uv": [0, 12, 4, 16], "texture": "#0"}
			}
		},
		{
			"from": [6, 0, 8],
			"to": [10, 1, 12],
			"faces": {
				"north": {"uv": [16, 16, 12, 15], "texture": "#0"},
				"east": {"uv": [16, 16, 12, 15], "texture": "#0"},
				"south": {"uv": [16, 16, 12, 15], "texture": "#0"},
				"west": {"uv": [16, 16, 12, 15], "texture": "#0"},
				"up": {"uv": [16, 16, 12, 12], "texture": "#0"},
				"down": {"uv": [16, 16, 12, 12], "texture": "#0"}
			}
		},
		{
			"from": [7, 1, 9],
			"to": [9, 5, 11],
			"faces": {
				"north": {"uv": [14, 8, 16, 12], "texture": "#0"},
				"east": {"uv": [14, 8, 16, 12], "texture": "#0"},
				"south": {"uv": [14, 8, 16, 12], "texture": "#0"},
				"west": {"uv": [14, 8, 16, 12], "texture": "#0"},
				"up": {"uv": [14, 10, 16, 12], "texture": "#0"},
				"down": {"uv": [14, 10, 16, 12], "texture": "#0"}
			}
		},
		{
			"from": [7, 3, 11],
			"to": [9, 4, 13],
			"faces": {
				"north": {"uv": [14, 11, 16, 12], "texture": "#0"},
				"east": {"uv": [14, 11, 16, 12], "texture": "#0"},
				"south": {"uv": [14, 11, 16, 12], "texture": "#0"},
				"west": {"uv": [14, 11, 16, 12], "texture": "#0"},
				"up": {"uv": [14, 10, 16, 12], "texture": "#0"},
				"down": {"uv": [14, 10, 16, 12], "texture": "#0"}
			}
		},
		{
			"from": [7, 2, 11],
			"to": [9, 3, 12],
			"faces": {
				"north": {"uv": [14, 11, 16, 12], "texture": "#0"},
				"east": {"uv": [15, 11, 16, 12], "texture": "#0"},
				"south": {"uv": [14, 11, 16, 12], "texture": "#0"},
				"west": {"uv": [15, 11, 16, 12], "texture": "#0"},
				"up": {"uv": [14, 11, 16, 12], "texture": "#0"},
				"down": {"uv": [14, 11, 16, 12], "texture": "#0"}
			}
		},
		{
			"from": [7, 4, 7],
			"to": [9, 6, 9],
			"faces": {
				"north": {"uv": [14, 10, 16, 12], "texture": "#0"},
				"east": {"uv": [14, 10, 16, 12], "texture": "#0"},
				"south": {"uv": [14, 10, 16, 12], "texture": "#0"},
				"west": {"uv": [14, 10, 16, 12], "texture": "#0"},
				"up": {"uv": [14, 10, 16, 12], "texture": "#0"},
				"down": {"uv": [14, 10, 16, 12], "texture": "#0"}
			}
		},
		{
			"from": [7, 5, 5],
			"to": [9, 7, 7],
			"faces": {
				"north": {"uv": [14, 10, 16, 12], "texture": "#0"},
				"east": {"uv": [14, 10, 16, 12], "texture": "#0"},
				"south": {"uv": [14, 10, 16, 12], "texture": "#0"},
				"west": {"uv": [14, 10, 16, 12], "texture": "#0"},
				"up": {"uv": [14, 10, 16, 12], "texture": "#0"},
				"down": {"uv": [14, 10, 16, 12], "texture": "#0"}
			}
		}
	],
	"display": {
		"thirdperson_righthand": {
			"translation": [0, 3, 0]
		},
		"thirdperson_lefthand": {
			"translation": [0, 3, 0]
		},
		"firstperson_righthand": {
			"translation": [0, 1, 0]
		},
		"firstperson_lefthand": {
			"translation": [0, 1, 0]
		},
		"ground": {
			"translation": [0, 4, 0]
		},
		"gui": {
			"rotation": [0, -90, 0]
		},
		"head": {
			"translation": [0, 14.5, 0]
		},
		"fixed": {
			"rotation": [-90, 0, 0],
			"translation": [0, 0, -16],
			"scale": [2, 2, 2]
		}
	},
	"groups": [0, 1,
		{
			"name": "group",
			"origin": [8, 8, 8],
			"children": [2, 3, 4, 5, 6]
		}
	]
}