{
	"credit": "Made with Blockbench",
	"texture_size": [32, 32],
	"textures": {
		"1": "gameshow:item/coin",
		"particle": "gameshow:item/coin"
	},
	"elements": [
		{
			"from": [1, 0, 4],
			"to": [15, 1, 12],
			"faces": {
				"north": {"uv": [8, 2.5, 15, 3], "texture": "#1"},
				"east": {"uv": [1.5, 6.5, 5.5, 7], "texture": "#1"},
				"south": {"uv": [0, 5, 7, 5.5], "texture": "#1"},
				"west": {"uv": [1.5, 0, 5.5, 0.5], "texture": "#1"},
				"up": {"uv": [7, 5.5, 0, 1.5], "rotation": 180, "texture": "#1"},
				"down": {"uv": [7, 1.5, 0, 5.5], "rotation": 180, "texture": "#1"}
			}
		},
		{
			"from": [2, 0, 3],
			"to": [14, 1, 4],
			"faces": {
				"north": {"uv": [8, 2, 14, 2.5], "texture": "#1"},
				"east": {"uv": [6, 1, 6.5, 1.5], "texture": "#1"},
				"south": {"uv": [0, 0, 6, 0.5], "texture": "#1"},
				"west": {"uv": [0.5, 1, 1, 1.5], "texture": "#1"},
				"up": {"uv": [0.5, 1, 6.5, 1.5], "texture": "#1"},
				"down": {"uv": [0.5, 1, 6.5, 1.5], "texture": "#1"}
			}
		},
		{
			"from": [2, 0, 12],
			"to": [14, 1, 13],
			"faces": {
				"north": {"uv": [0, 0, 6, 0.5], "texture": "#1"},
				"east": {"uv": [6, 5.5, 6.5, 6], "texture": "#1"},
				"south": {"uv": [0.5, 5.5, 6.5, 6], "texture": "#1"},
				"west": {"uv": [0.5, 5.5, 1, 6], "texture": "#1"},
				"up": {"uv": [0.5, 5.5, 6.5, 6], "texture": "#1"},
				"down": {"uv": [0.5, 5.5, 6.5, 6], "texture": "#1"}
			}
		},
		{
			"from": [3, 0, 2],
			"to": [13, 1, 3],
			"faces": {
				"north": {"uv": [8, 1.5, 13, 2], "texture": "#1"},
				"east": {"uv": [5.5, 0.5, 6, 1], "texture": "#1"},
				"south": {"uv": [0, 0, 5, 0.5], "texture": "#1"},
				"west": {"uv": [1, 0.5, 1.5, 1], "texture": "#1"},
				"up": {"uv": [1, 0.5, 6, 1], "texture": "#1"},
				"down": {"uv": [1, 0.5, 6, 1], "texture": "#1"}
			}
		},
		{
			"from": [3, 0, 13],
			"to": [13, 1, 14],
			"faces": {
				"north": {"uv": [0, 0, 5, 0.5], "texture": "#1"},
				"east": {"uv": [5.5, 6, 6, 6.5], "texture": "#1"},
				"south": {"uv": [1, 6, 6, 6.5], "texture": "#1"},
				"west": {"uv": [1, 6, 1.5, 6.5], "texture": "#1"},
				"up": {"uv": [1, 6, 6, 6.5], "texture": "#1"},
				"down": {"uv": [1, 6, 6, 6.5], "texture": "#1"}
			}
		},
		{
			"from": [4, 0, 1],
			"to": [12, 1, 2],
			"faces": {
				"north": {"uv": [8, 1, 12, 1.5], "texture": "#1"},
				"east": {"uv": [5, 0, 5.5, 0.5], "texture": "#1"},
				"south": {"uv": [0, 0, 4, 0.5], "texture": "#1"},
				"west": {"uv": [1.5, 0, 2, 0.5], "texture": "#1"},
				"up": {"uv": [1.5, 0, 5.5, 0.5], "texture": "#1"},
				"down": {"uv": [1.5, 0, 5.5, 0.5], "texture": "#1"}
			}
		},
		{
			"from": [4, 0, 14],
			"to": [12, 1, 15],
			"faces": {
				"north": {"uv": [0, 0, 4, 0.5], "texture": "#1"},
				"east": {"uv": [5.5, 6, 6, 6.5], "texture": "#1"},
				"south": {"uv": [1.5, 6.5, 5.5, 7], "texture": "#1"},
				"west": {"uv": [1.5, 6.5, 2, 7], "texture": "#1"},
				"up": {"uv": [1.5, 6.5, 5.5, 7], "texture": "#1"},
				"down": {"uv": [1.5, 6.5, 5.5, 7], "texture": "#1"}
			}
		}
	],
	"gui_light": "front",
	"display": {
		"thirdperson_righthand": {
			"rotation": [110, 0, 0],
			"translation": [0, 0.75, 4.5],
			"scale": [0.4, 0.4, 0.4]
		},
		"thirdperson_lefthand": {
			"rotation": [110, 0, 0],
			"translation": [0, 0.75, 4.5],
			"scale": [0.4, 0.4, 0.4]
		},
		"firstperson_righthand": {
			"rotation": [90, 0, 0],
			"translation": [0, 3, 4.5],
			"scale": [0.4, 0.4, 0.4]
		},
		"firstperson_lefthand": {
			"rotation": [90, 0, 0],
			"translation": [0, 3, 4.5],
			"scale": [0.4, 0.4, 0.4]
		},
		"ground": {
			"translation": [0, 2, 0],
			"scale": [0.4, 0.4, 0.4]
		},
		"gui": {
			"rotation": [90, 0, 0]
		},
		"head": {
			"rotation": [90, 0, 0],
			"translation": [0, 11, 8]
		},
		"fixed": {
			"rotation": [90, 0, 0],
			"translation": [0, 0, 7],
			"scale": [-1, 1, 1]
		}
	}
}
