{
	"credit": "Made with Blockbench",
	"textures": {
		"0": "custom/staff_wood",
		"1": "custom/netherite_block",
		"2": "custom/wand_core",
		"particle": "custom/staff_wood"
	},
	"elements": [
		{
			"from": [7.5, 1, 7.5],
			"to": [8.5, 10, 8.5],
			"rotation": {"angle": 0, "axis": "y", "origin": [8, 5, 8]},
			"faces": {
				"north": {"uv": [0, 0, 1, 10], "texture": "#0"},
				"east": {"uv": [0, 0, 1, 10], "texture": "#0"},
				"south": {"uv": [0, 0, 1, 10], "texture": "#0"},
				"west": {"uv": [0, 0, 1, 10], "texture": "#0"},
				"up": {"uv": [0, 0, 1, 1], "texture": "#0"},
				"down": {"uv": [0, 0, 1, 1], "texture": "#0"}
			}
		},
		{
			"from": [7.125, 9, 7.125],
			"to": [7.625, 11, 7.625],
			"rotation": {"angle": 0, "axis": "y", "origin": [7.5, 10.5, 7.5]},
			"faces": {
				"north": {"uv": [8, 4.75, 8.5, 6.75], "texture": "#1"},
				"east": {"uv": [9.75, 6, 10.25, 8], "texture": "#1"},
				"south": {"uv": [6.25, 4, 6.75, 6], "texture": "#1"},
				"west": {"uv": [8, 3.75, 8.5, 5.75], "texture": "#1"},
				"up": {"uv": [9.5, 14, 10, 14.5], "texture": "#1"},
				"down": {"uv": [13.25, 14, 13.75, 14.5], "texture": "#1"}
			}
		},
		{
			"from": [7.125, 9, 8.375],
			"to": [7.625, 11, 8.875],
			"rotation": {"angle": 0, "axis": "y", "origin": [7.5, 10.5, 8.75]},
			"faces": {
				"north": {"uv": [9.75, 12.25, 10.25, 14.25], "texture": "#1"},
				"east": {"uv": [9.75, 6, 10.25, 8], "texture": "#1"},
				"south": {"uv": [6.25, 11.75, 6.75, 13.75], "texture": "#1"},
				"west": {"uv": [6.25, 11.5, 6.75, 13.5], "texture": "#1"},
				"up": {"uv": [5.75, 13, 6.25, 13.5], "texture": "#1"},
				"down": {"uv": [14.5, 13.25, 15, 13.75], "texture": "#1"}
			}
		},
		{
			"from": [8.375, 9, 8.375],
			"to": [8.875, 11, 8.875],
			"rotation": {"angle": 0, "axis": "y", "origin": [8.75, 10.5, 8.75]},
			"faces": {
				"north": {"uv": [5.75, 11.75, 6.25, 13.75], "texture": "#1"},
				"east": {"uv": [9.75, 6, 10.25, 8], "texture": "#1"},
				"south": {"uv": [6, 11.25, 6.5, 13.25], "texture": "#1"},
				"west": {"uv": [6.25, 11.5, 6.75, 13.5], "texture": "#1"},
				"up": {"uv": [5.25, 13.75, 5.75, 14.25], "texture": "#1"},
				"down": {"uv": [13, 14, 13.5, 14.5], "texture": "#1"}
			}
		},
		{
			"from": [8.375, 9, 7.125],
			"to": [8.875, 11, 7.625],
			"rotation": {"angle": 0, "axis": "y", "origin": [8.75, 10.5, 7.5]},
			"faces": {
				"north": {"uv": [6, 11.75, 6.5, 13.75], "texture": "#1"},
				"east": {"uv": [9.75, 6, 10.25, 8], "texture": "#1"},
				"south": {"uv": [5.5, 10.5, 6, 12.5], "texture": "#1"},
				"west": {"uv": [5.5, 11.5, 6, 13.5], "texture": "#1"},
				"up": {"uv": [5.75, 14, 6.25, 14.5], "texture": "#1"},
				"down": {"uv": [13.25, 13.75, 13.75, 14.25], "texture": "#1"}
			}
		},
		{
			"from": [7.5, 10.5, 7.5],
			"to": [8.5, 11.5, 8.5],
			"rotation": {"angle": 0, "axis": "y", "origin": [8, 11, 8]},
			"faces": {
				"north": {"uv": [0, 0, 8, 8], "texture": "#2"},
				"east": {"uv": [0, 0, 8, 8], "texture": "#2"},
				"south": {"uv": [0, 0, 8, 8], "texture": "#2"},
				"west": {"uv": [0, 0, 8, 8], "texture": "#2"},
				"up": {"uv": [0, 0, 8, 8], "texture": "#2"},
				"down": {"uv": [0, 0, 8, 8], "texture": "#2"}
			}
		},
		{
			"from": [7.4375, 0, 7.4375],
			"to": [8.5625, 1, 8.5625],
			"rotation": {"angle": 0, "axis": "y", "origin": [8, 0.5, 8]},
			"faces": {
				"north": {"uv": [8.25, 10, 9.25, 11], "texture": "#1"},
				"east": {"uv": [11.75, 6.5, 12.75, 7.5], "texture": "#1"},
				"south": {"uv": [11.25, 4.75, 12.25, 5.75], "texture": "#1"},
				"west": {"uv": [8.5, 3.5, 9.5, 4.5], "texture": "#1"},
				"up": {"uv": [9.5, 4.25, 10.5, 5.25], "texture": "#1"},
				"down": {"uv": [13.5, 12.5, 14.5, 13.5], "texture": "#1"}
			}
		},
		{
			"from": [7.4375, 8.625, 7.4375],
			"to": [8.5625, 10.0625, 8.5625],
			"rotation": {"angle": 0, "axis": "y", "origin": [15.5, 17, 15.5]},
			"faces": {
				"north": {"uv": [11.5, 11.25, 12.75, 13.25], "texture": "#1"},
				"east": {"uv": [12, 12, 13.25, 14], "texture": "#1"},
				"south": {"uv": [6, 11.5, 7.25, 13.5], "texture": "#1"},
				"west": {"uv": [5.75, 12, 7, 14], "texture": "#1"},
				"up": {"uv": [4.25, 12, 6.25, 14], "texture": "#1"},
				"down": {"uv": [0, 0, 1.125, 1.125], "texture": "#1"}
			}
		}
	],
	"display": {
		"thirdperson_righthand": {
			"translation": [0, 4.25, 1.5]
		},
		"thirdperson_lefthand": {
			"translation": [0, 4.25, 1.5]
		},
		"firstperson_righthand": {
			"translation": [0, 6, 0],
			"scale": [1.2, 1.2, 1.2]
		},
		"firstperson_lefthand": {
			"translation": [0, 4.5, 0],
			"scale": [1.2, 1.2, 1.2]
		},
		"ground": {
			"translation": [0, 6.25, 0]
		},
		"gui": {
			"rotation": [0, 35, -45],
			"translation": [2, 2, 0],
			"scale": [1.4, 1.4, 1.4]
		},
		"head": {
			"rotation": [-60, 0, 0],
			"translation": [0, -25.5, -6.5]
		},
		"fixed": {
			"rotation": [0, 0, 45],
			"translation": [-2, 1.5, -0.75],
			"scale": [1.4, 1.4, 1.4]
		}
	}
}