{
  "pools": [
    {
      "rolls": 1,
      "entries": [
        {
          "type": "minecraft:item",
          "name": "minecraft:carrot_on_a_stick",
          "functions": [
            {
              "function": "minecraft:set_lore",
              "entity": "this",
              "lore": [
                {
                  "text": "Legendary Item",
                  "color": "gold",
                  "italic": false
                }
              ]
            },
            {
              "function": "minecraft:set_name",
              "entity": "this",
              "name": {"text":"Bottomless Botion of Healing","color":"light_purple","italic":"false"}
            },
            {
              "function": "minecraft:set_nbt",
              "tag": "{Damage:25,CustomModelData:3,health:1}"
            }
          ],
          "conditions": [
            {
              "condition": "minecraft:entity_scores",
              "entity": "this",
              "scores": {
                "healthCooldown": {
                  "min": 289,
                  "max": 300
                }
              }
            }
          ]
        },
		{
          "type": "minecraft:item",
          "name": "minecraft:carrot_on_a_stick",
          "functions": [
            {
              "function": "minecraft:set_lore",
              "entity": "this",
              "lore": [
                {
                  "text": "Legendary Item",
                  "color": "gold",
                  "italic": false
                }
              ]
            },
            {
              "function": "minecraft:set_name",
              "entity": "this",
              "name": {"text":"Bottomless Botion of Healing","color":"light_purple","italic":"false"}
            },
            {
              "function": "minecraft:set_nbt",
              "tag": "{Damage:24,CustomModelData:3,health:1}"
            }
          ],
          "conditions": [
            {
              "condition": "minecraft:entity_scores",
              "entity": "this",
              "scores": {
                "healthCooldown": {
                  "min": 277,
                  "max": 288
                }
              }
            }
          ]
        },
		{
          "type": "minecraft:item",
          "name": "minecraft:carrot_on_a_stick",
          "functions": [
            {
              "function": "minecraft:set_lore",
              "entity": "this",
              "lore": [
                {
                  "text": "Legendary Item",
                  "color": "gold",
                  "italic": false
                }
              ]
            },
            {
              "function": "minecraft:set_name",
              "entity": "this",
              "name": {"text":"Bottomless Botion of Healing","color":"light_purple","italic":"false"}
            },
            {
              "function": "minecraft:set_nbt",
              "tag": "{Damage:23,CustomModelData:3,health:1}"
            }
          ],
          "conditions": [
            {
              "condition": "minecraft:entity_scores",
              "entity": "this",
              "scores": {
                "healthCooldown": {
                  "min": 265,
                  "max": 276
                }
              }
            }
          ]
        },
		{
          "type": "minecraft:item",
          "name": "minecraft:carrot_on_a_stick",
          "functions": [
            {
              "function": "minecraft:set_lore",
              "entity": "this",
              "lore": [
                {
                  "text": "Legendary Item",
                  "color": "gold",
                  "italic": false
                }
              ]
            },
            {
              "function": "minecraft:set_name",
              "entity": "this",
              "name": {"text":"Bottomless Botion of Healing","color":"light_purple","italic":"false"}
            },
            {
              "function": "minecraft:set_nbt",
              "tag": "{Damage:22,CustomModelData:3,health:1}"
            }
          ],
          "conditions": [
            {
              "condition": "minecraft:entity_scores",
              "entity": "this",
              "scores": {
                "healthCooldown": {
                  "min": 253,
                  "max": 264
                }
              }
            }
          ]
        },
		{
          "type": "minecraft:item",
          "name": "minecraft:carrot_on_a_stick",
          "functions": [
            {
              "function": "minecraft:set_lore",
              "entity": "this",
              "lore": [
                {
                  "text": "Legendary Item",
                  "color": "gold",
                  "italic": false
                }
              ]
            },
            {
              "function": "minecraft:set_name",
              "entity": "this",
              "name": {"text":"Bottomless Botion of Healing","color":"light_purple","italic":"false"}
            },
            {
              "function": "minecraft:set_nbt",
              "tag": "{Damage:21,CustomModelData:3,health:1}"
            }
          ],
          "conditions": [
            {
              "condition": "minecraft:entity_scores",
              "entity": "this",
              "scores": {
                "healthCooldown": {
                  "min": 241,
                  "max": 252
                }
              }
            }
          ]
        },
		{
          "type": "minecraft:item",
          "name": "minecraft:carrot_on_a_stick",
          "functions": [
            {
              "function": "minecraft:set_lore",
              "entity": "this",
              "lore": [
                {
                  "text": "Legendary Item",
                  "color": "gold",
                  "italic": false
                }
              ]
            },
            {
              "function": "minecraft:set_name",
              "entity": "this",
              "name": {"text":"Bottomless Botion of Healing","color":"light_purple","italic":"false"}
            },
            {
              "function": "minecraft:set_nbt",
              "tag": "{Damage:20,CustomModelData:3,health:1}"
            }
          ],
          "conditions": [
            {
              "condition": "minecraft:entity_scores",
              "entity": "this",
              "scores": {
                "healthCooldown": {
                  "min": 229,
                  "max": 240
                }
              }
            }
          ]
        },
		{
          "type": "minecraft:item",
          "name": "minecraft:carrot_on_a_stick",
          "functions": [
            {
              "function": "minecraft:set_lore",
              "entity": "this",
              "lore": [
                {
                  "text": "Legendary Item",
                  "color": "gold",
                  "italic": false
                }
              ]
            },
            {
              "function": "minecraft:set_name",
              "entity": "this",
              "name": {"text":"Bottomless Botion of Healing","color":"light_purple","italic":"false"}
            },
            {
              "function": "minecraft:set_nbt",
              "tag": "{Damage:19,CustomModelData:3,health:1}"
            }
          ],
          "conditions": [
            {
              "condition": "minecraft:entity_scores",
              "entity": "this",
              "scores": {
                "healthCooldown": {
                  "min": 217,
                  "max": 228
                }
              }
            }
          ]
        },
		{
          "type": "minecraft:item",
          "name": "minecraft:carrot_on_a_stick",
          "functions": [
            {
              "function": "minecraft:set_lore",
              "entity": "this",
              "lore": [
                {
                  "text": "Legendary Item",
                  "color": "gold",
                  "italic": false
                }
              ]
            },
            {
              "function": "minecraft:set_name",
              "entity": "this",
              "name": {"text":"Bottomless Botion of Healing","color":"light_purple","italic":"false"}
            },
            {
              "function": "minecraft:set_nbt",
              "tag": "{Damage:18,CustomModelData:3,health:1}"
            }
          ],
          "conditions": [
            {
              "condition": "minecraft:entity_scores",
              "entity": "this",
              "scores": {
                "healthCooldown": {
                  "min": 205,
                  "max": 216
                }
              }
            }
          ]
        },
		{
          "type": "minecraft:item",
          "name": "minecraft:carrot_on_a_stick",
          "functions": [
            {
              "function": "minecraft:set_lore",
              "entity": "this",
              "lore": [
                {
                  "text": "Legendary Item",
                  "color": "gold",
                  "italic": false
                }
              ]
            },
            {
              "function": "minecraft:set_name",
              "entity": "this",
              "name": {"text":"Bottomless Botion of Healing","color":"light_purple","italic":"false"}
            },
            {
              "function": "minecraft:set_nbt",
              "tag": "{Damage:17,CustomModelData:3,health:1}"
            }
          ],
          "conditions": [
            {
              "condition": "minecraft:entity_scores",
              "entity": "this",
              "scores": {
                "healthCooldown": {
                  "min": 193,
                  "max": 204
                }
              }
            }
          ]
        },
		{
          "type": "minecraft:item",
          "name": "minecraft:carrot_on_a_stick",
          "functions": [
            {
              "function": "minecraft:set_lore",
              "entity": "this",
              "lore": [
                {
                  "text": "Legendary Item",
                  "color": "gold",
                  "italic": false
                }
              ]
            },
            {
              "function": "minecraft:set_name",
              "entity": "this",
              "name": {"text":"Bottomless Botion of Healing","color":"light_purple","italic":"false"}
            },
            {
              "function": "minecraft:set_nbt",
              "tag": "{Damage:16,CustomModelData:3,health:1}"
            }
          ],
          "conditions": [
            {
              "condition": "minecraft:entity_scores",
              "entity": "this",
              "scores": {
                "healthCooldown": {
                  "min": 181,
                  "max": 192
                }
              }
            }
          ]
        },
		{
          "type": "minecraft:item",
          "name": "minecraft:carrot_on_a_stick",
          "functions": [
            {
              "function": "minecraft:set_lore",
              "entity": "this",
              "lore": [
                {
                  "text": "Legendary Item",
                  "color": "gold",
                  "italic": false
                }
              ]
            },
            {
              "function": "minecraft:set_name",
              "entity": "this",
              "name": {"text":"Bottomless Botion of Healing","color":"light_purple","italic":"false"}
            },
            {
              "function": "minecraft:set_nbt",
              "tag": "{Damage:15,CustomModelData:3,health:1}"
            }
          ],
          "conditions": [
            {
              "condition": "minecraft:entity_scores",
              "entity": "this",
              "scores": {
                "healthCooldown": {
                  "min": 169,
                  "max": 180
                }
              }
            }
          ]
        },
		{
          "type": "minecraft:item",
          "name": "minecraft:carrot_on_a_stick",
          "functions": [
            {
              "function": "minecraft:set_lore",
              "entity": "this",
              "lore": [
                {
                  "text": "Legendary Item",
                  "color": "gold",
                  "italic": false
                }
              ]
            },
            {
              "function": "minecraft:set_name",
              "entity": "this",
              "name": {"text":"Bottomless Botion of Healing","color":"light_purple","italic":"false"}
            },
            {
              "function": "minecraft:set_nbt",
              "tag": "{Damage:14,CustomModelData:3,health:1}"
            }
          ],
          "conditions": [
            {
              "condition": "minecraft:entity_scores",
              "entity": "this",
              "scores": {
                "healthCooldown": {
                  "min": 157,
                  "max": 168
                }
              }
            }
          ]
        },
		{
          "type": "minecraft:item",
          "name": "minecraft:carrot_on_a_stick",
          "functions": [
            {
              "function": "minecraft:set_lore",
              "entity": "this",
              "lore": [
                {
                  "text": "Legendary Item",
                  "color": "gold",
                  "italic": false
                }
              ]
            },
            {
              "function": "minecraft:set_name",
              "entity": "this",
              "name": {"text":"Bottomless Botion of Healing","color":"light_purple","italic":"false"}
            },
            {
              "function": "minecraft:set_nbt",
              "tag": "{Damage:13,CustomModelData:3,health:1}"
            }
          ],
          "conditions": [
            {
              "condition": "minecraft:entity_scores",
              "entity": "this",
              "scores": {
                "healthCooldown": {
                  "min": 145,
                  "max": 156
                }
              }
            }
          ]
        },
		{
          "type": "minecraft:item",
          "name": "minecraft:carrot_on_a_stick",
          "functions": [
            {
              "function": "minecraft:set_lore",
              "entity": "this",
              "lore": [
                {
                  "text": "Legendary Item",
                  "color": "gold",
                  "italic": false
                }
              ]
            },
            {
              "function": "minecraft:set_name",
              "entity": "this",
              "name": {"text":"Bottomless Botion of Healing","color":"light_purple","italic":"false"}
            },
            {
              "function": "minecraft:set_nbt",
              "tag": "{Damage:12,CustomModelData:3,health:1}"
            }
          ],
          "conditions": [
            {
              "condition": "minecraft:entity_scores",
              "entity": "this",
              "scores": {
                "healthCooldown": {
                  "min": 133,
                  "max": 144
                }
              }
            }
          ]
        },
		{
          "type": "minecraft:item",
          "name": "minecraft:carrot_on_a_stick",
          "functions": [
            {
              "function": "minecraft:set_lore",
              "entity": "this",
              "lore": [
                {
                  "text": "Legendary Item",
                  "color": "gold",
                  "italic": false
                }
              ]
            },
            {
              "function": "minecraft:set_name",
              "entity": "this",
              "name": {"text":"Bottomless Botion of Healing","color":"light_purple","italic":"false"}
            },
            {
              "function": "minecraft:set_nbt",
              "tag": "{Damage:11,CustomModelData:3,health:1}"
            }
          ],
          "conditions": [
            {
              "condition": "minecraft:entity_scores",
              "entity": "this",
              "scores": {
                "healthCooldown": {
                  "min": 121,
                  "max": 132
                }
              }
            }
          ]
        },
		{
          "type": "minecraft:item",
          "name": "minecraft:carrot_on_a_stick",
          "functions": [
            {
              "function": "minecraft:set_lore",
              "entity": "this",
              "lore": [
                {
                  "text": "Legendary Item",
                  "color": "gold",
                  "italic": false
                }
              ]
            },
            {
              "function": "minecraft:set_name",
              "entity": "this",
              "name": {"text":"Bottomless Botion of Healing","color":"light_purple","italic":"false"}
            },
            {
              "function": "minecraft:set_nbt",
              "tag": "{Damage:10,CustomModelData:3,health:1}"
            }
          ],
          "conditions": [
            {
              "condition": "minecraft:entity_scores",
              "entity": "this",
              "scores": {
                "healthCooldown": {
                  "min": 109,
                  "max": 120
                }
              }
            }
          ]
        },
		{
          "type": "minecraft:item",
          "name": "minecraft:carrot_on_a_stick",
          "functions": [
            {
              "function": "minecraft:set_lore",
              "entity": "this",
              "lore": [
                {
                  "text": "Legendary Item",
                  "color": "gold",
                  "italic": false
                }
              ]
            },
            {
              "function": "minecraft:set_name",
              "entity": "this",
              "name": {"text":"Bottomless Botion of Healing","color":"light_purple","italic":"false"}
            },
            {
              "function": "minecraft:set_nbt",
              "tag": "{Damage:9,CustomModelData:3,health:1}"
            }
          ],
          "conditions": [
            {
              "condition": "minecraft:entity_scores",
              "entity": "this",
              "scores": {
                "healthCooldown": {
                  "min": 97,
                  "max": 108
                }
              }
            }
          ]
        },
		{
          "type": "minecraft:item",
          "name": "minecraft:carrot_on_a_stick",
          "functions": [
            {
              "function": "minecraft:set_lore",
              "entity": "this",
              "lore": [
                {
                  "text": "Legendary Item",
                  "color": "gold",
                  "italic": false
                }
              ]
            },
            {
              "function": "minecraft:set_name",
              "entity": "this",
              "name": {"text":"Bottomless Botion of Healing","color":"light_purple","italic":"false"}
            },
            {
              "function": "minecraft:set_nbt",
              "tag": "{Damage:8,CustomModelData:3,health:1}"
            }
          ],
          "conditions": [
            {
              "condition": "minecraft:entity_scores",
              "entity": "this",
              "scores": {
                "healthCooldown": {
                  "min": 85,
                  "max": 96
                }
              }
            }
          ]
        },
		{
          "type": "minecraft:item",
          "name": "minecraft:carrot_on_a_stick",
          "functions": [
            {
              "function": "minecraft:set_lore",
              "entity": "this",
              "lore": [
                {
                  "text": "Legendary Item",
                  "color": "gold",
                  "italic": false
                }
              ]
            },
            {
              "function": "minecraft:set_name",
              "entity": "this",
              "name": {"text":"Bottomless Botion of Healing","color":"light_purple","italic":"false"}
            },
            {
              "function": "minecraft:set_nbt",
              "tag": "{Damage:7,CustomModelData:3,health:1}"
            }
          ],
          "conditions": [
            {
              "condition": "minecraft:entity_scores",
              "entity": "this",
              "scores": {
                "healthCooldown": {
                  "min": 73,
                  "max": 84
                }
              }
            }
          ]
        },
		{
          "type": "minecraft:item",
          "name": "minecraft:carrot_on_a_stick",
          "functions": [
            {
              "function": "minecraft:set_lore",
              "entity": "this",
              "lore": [
                {
                  "text": "Legendary Item",
                  "color": "gold",
                  "italic": false
                }
              ]
            },
            {
              "function": "minecraft:set_name",
              "entity": "this",
              "name": {"text":"Bottomless Botion of Healing","color":"light_purple","italic":"false"}
            },
            {
              "function": "minecraft:set_nbt",
              "tag": "{Damage:6,CustomModelData:3,health:1}"
            }
          ],
          "conditions": [
            {
              "condition": "minecraft:entity_scores",
              "entity": "this",
              "scores": {
                "healthCooldown": {
                  "min": 61,
                  "max": 72
                }
              }
            }
          ]
        },
		{
          "type": "minecraft:item",
          "name": "minecraft:carrot_on_a_stick",
          "functions": [
            {
              "function": "minecraft:set_lore",
              "entity": "this",
              "lore": [
                {
                  "text": "Legendary Item",
                  "color": "gold",
                  "italic": false
                }
              ]
            },
            {
              "function": "minecraft:set_name",
              "entity": "this",
              "name": {"text":"Bottomless Botion of Healing","color":"light_purple","italic":"false"}
            },
            {
              "function": "minecraft:set_nbt",
              "tag": "{Damage:5,CustomModelData:3,health:1}"
            }
          ],
          "conditions": [
            {
              "condition": "minecraft:entity_scores",
              "entity": "this",
              "scores": {
                "healthCooldown": {
                  "min": 49,
                  "max": 60
                }
              }
            }
          ]
        },
		{
          "type": "minecraft:item",
          "name": "minecraft:carrot_on_a_stick",
          "functions": [
            {
              "function": "minecraft:set_lore",
              "entity": "this",
              "lore": [
                {
                  "text": "Legendary Item",
                  "color": "gold",
                  "italic": false
                }
              ]
            },
            {
              "function": "minecraft:set_name",
              "entity": "this",
              "name": {"text":"Bottomless Botion of Healing","color":"light_purple","italic":"false"}
            },
            {
              "function": "minecraft:set_nbt",
              "tag": "{Damage:4,CustomModelData:3,health:1}"
            }
          ],
          "conditions": [
            {
              "condition": "minecraft:entity_scores",
              "entity": "this",
              "scores": {
                "healthCooldown": {
                  "min": 37,
                  "max": 48
                }
              }
            }
          ]
        },
		{
          "type": "minecraft:item",
          "name": "minecraft:carrot_on_a_stick",
          "functions": [
            {
              "function": "minecraft:set_lore",
              "entity": "this",
              "lore": [
                {
                  "text": "Legendary Item",
                  "color": "gold",
                  "italic": false
                }
              ]
            },
            {
              "function": "minecraft:set_name",
              "entity": "this",
              "name": {"text":"Bottomless Botion of Healing","color":"light_purple","italic":"false"}
            },
            {
              "function": "minecraft:set_nbt",
              "tag": "{Damage:3,CustomModelData:3,health:1}"
            }
          ],
          "conditions": [
            {
              "condition": "minecraft:entity_scores",
              "entity": "this",
              "scores": {
                "healthCooldown": {
                  "min": 25,
                  "max": 36
                }
              }
            }
          ]
        },
		{
          "type": "minecraft:item",
          "name": "minecraft:carrot_on_a_stick",
          "functions": [
            {
              "function": "minecraft:set_lore",
              "entity": "this",
              "lore": [
                {
                  "text": "Legendary Item",
                  "color": "gold",
                  "italic": false
                }
              ]
            },
            {
              "function": "minecraft:set_name",
              "entity": "this",
              "name": {"text":"Bottomless Botion of Healing","color":"light_purple","italic":"false"}
            },
            {
              "function": "minecraft:set_nbt",
              "tag": "{Damage:2,CustomModelData:3,health:1}"
            }
          ],
          "conditions": [
            {
              "condition": "minecraft:entity_scores",
              "entity": "this",
              "scores": {
                "healthCooldown": {
                  "min": 13,
                  "max": 24
                }
              }
            }
          ]
        },
		{
          "type": "minecraft:item",
          "name": "minecraft:carrot_on_a_stick",
          "functions": [
            {
              "function": "minecraft:set_lore",
              "entity": "this",
              "lore": [
                {
                  "text": "Legendary Item",
                  "color": "gold",
                  "italic": false
                }
              ]
            },
            {
              "function": "minecraft:set_name",
              "entity": "this",
              "name": {"text":"Bottomless Botion of Healing","color":"light_purple","italic":"false"}
            },
            {
              "function": "minecraft:set_nbt",
              "tag": "{Damage:1,CustomModelData:3,health:1}"
            }
          ],
          "conditions": [
            {
              "condition": "minecraft:entity_scores",
              "entity": "this",
              "scores": {
                "healthCooldown": {
                  "min": 1,
                  "max": 12
                }
              }
            }
          ]
        },
        {
          "type": "minecraft:item",
          "name": "minecraft:carrot_on_a_stick",
          "functions": [
		  {
              "function": "minecraft:set_lore",
              "entity": "this",
              "lore": [
                {
                  "text": "Legendary Item",
                  "color": "gold",
                  "italic": false
                }
              ]
            },
            {
              "function": "minecraft:set_name",
              "entity": "this",
              "name": {"text":"Bottomless Botion of Healing","color":"light_purple","italic":"false"}
            },
            {
              "function": "minecraft:set_nbt",
              "tag": "{Damage:0,Unbreakable:1,Enchantments:[{}],CustomModelData:3,health:1}"
            }
          ],
          "conditions": [
            {
              "condition": "minecraft:entity_scores",
              "entity": "this",
              "scores": {
                "healthCooldown": {
                  "min": -15151515,
                  "max": 0
                }
              }
            }
          ]
        }
      ]
    }
  ]
}